group;week;zscore
Total;2017-13;-1.75
Total;2017-14;-2.77
Total;2017-15;-2.44
Total;2017-16;-2.8
Total;2017-17;1.63
Total;2017-18;1.14
Total;2017-19;1.48
Total;2017-20;1.27
Total;2017-21;0.93
Total;2017-22;-0.37
Total;2017-23;-2.83
Total;2017-24;1.3
Total;2017-25;5.23
Total;2017-26;0.76
Total;2017-27;3.16
Total;2017-28;-0.04
Total;2017-29;1.85
Total;2017-30;0.64
Total;2017-31;3.97
Total;2017-32;1.76
Total;2017-33;0.43
Total;2017-34;0.88
Total;2017-35;-0.42
Total;2017-36;-2.95
Total;2017-37;-1.21
Total;2017-38;0.7
Total;2017-39;1.86
Total;2017-40;1.48
Total;2017-41;2.69
Total;2017-42;0.18
Total;2017-43;-1.41
Total;2017-44;-1.92
Total;2017-45;-1.12
Total;2017-46;1.14
Total;2017-47;1.43
Total;2017-48;1.22
Total;2017-49;4.51
Total;2017-50;6.92
Total;2017-51;7.89
Total;2017-52;11.41
Total;2018-01;16.22
Total;2018-02;13.21
Total;2018-03;12.73
Total;2018-04;9.57
Total;2018-05;8.75
Total;2018-06;10
Total;2018-07;13.48
Total;2018-08;15.87
Total;2018-09;23.03
Total;2018-10;25.03
Total;2018-11;17.58
Total;2018-12;13.23
Total;2018-13;9.93
Total;2018-14;7.37
Total;2018-15;4.94
Total;2018-16;1.38
Total;2018-17;-2.48
Total;2018-18;-2.81
Total;2018-19;-2.1
Total;2018-20;-2.92
Total;2018-21;-0.94
Total;2018-22;0.63
Total;2018-23;-1.03
Total;2018-24;-3.08
Total;2018-25;-0.66
Total;2018-26;2.89
Total;2018-27;3.57
Total;2018-28;0.62
Total;2018-29;3.2
Total;2018-30;7.44
Total;2018-31;11.48
Total;2018-32;7.85
Total;2018-33;0.8
Total;2018-34;0.78
Total;2018-35;-1.58
Total;2018-36;-0.65
Total;2018-37;-1.59
Total;2018-38;-0.23
Total;2018-39;-2.35
Total;2018-40;0.11
Total;2018-41;1.23
Total;2018-42;-2.94
Total;2018-43;-3.1
Total;2018-44;-0.48
Total;2018-45;0.07
Total;2018-46;-2.96
Total;2018-47;-1.83
Total;2018-48;-0.47
Total;2018-49;-0.1
Total;2018-50;-0.95
Total;2018-51;2.34
Total;2018-52;0.96
Total;2019-01;5.42
Total;2019-02;9.07
Total;2019-03;8.7
Total;2019-04;9.29
Total;2019-05;10.28
Total;2019-06;10.56
Total;2019-07;8.84
Total;2019-08;7.64
Total;2019-09;7.54
Total;2019-10;5.13
Total;2019-11;3.28
Total;2019-12;0.04
Total;2019-13;-0.97
Total;2019-14;1.25
Total;2019-15;-0.95
Total;2019-16;1.47
Total;2019-17;1.24
Total;2019-18;-1.01
Total;2019-19;0.17
Total;2019-20;0.8
Total;2019-21;0.9
Total;2019-22;0.43
Total;2019-23;1.39
Total;2019-24;0.82
Total;2019-25;1.45
Total;2019-26;5.7
Total;2019-27;3.63
Total;2019-28;0.8
Total;2019-29;1.31
Total;2019-30;10.92
Total;2019-31;1.7
Total;2019-32;0.9
Total;2019-33;-1.35
Total;2019-34;0.02
Total;2019-35;3.47
Total;2019-36;-2.56
Total;2019-37;-1.32
Total;2019-38;-0.59
Total;2019-39;1.16
Total;2019-40;-0.14
Total;2019-41;1.99
Total;2019-42;1.13
Total;2019-43;0.6
Total;2019-44;0.35
Total;2019-45;0.97
Total;2019-46;2.27
Total;2019-47;2.62
Total;2019-48;1.62
Total;2019-49;2.38
Total;2019-50;3.37
Total;2019-51;4.62
Total;2019-52;1.3
Total;2020-01;4.57
Total;2020-02;7.22
Total;2020-03;4.91
Total;2020-04;3.27
Total;2020-05;5.74
Total;2020-06;2.14
Total;2020-07;2.94
Total;2020-08;-0.42
Total;2020-09;1.63
Total;2020-10;2.7
Total;2020-11;5.91
Total;2020-12;15.84
Total;2020-13;33.37
Total;2020-14;49.54
Total;2020-15;48.33
Total;2020-16;35.62
Total;2020-17;23.28
Total;2020-18;12.91
Total;2020-19;8.61
Total;2020-20;2.76
Total;2020-21;3.37
Total;2020-22;-0.06
Total;2020-23;0.07
Total;2020-24;-1.28
Total;2020-25;-1.48
Total;2020-26;3.36
Total;2020-27;0.24
Total;2020-28;-0.31
Total;2020-29;1.42
Total;2020-30;2.65
Total;2020-31;6.55
Total;2020-32;5.57
Total;2020-33;13.1
Total;2020-34;3.86
Total;2020-35;1.02
Total;2020-36;1.45
Total;2020-37;3.5
Total;2020-38;5.38
Total;2020-39;2.61
Total;2020-40;5.38
Total;2020-41;5.22
Total;2020-42;6.54
Total;2020-43;13.95
Total;2020-44;17.81
Total;2020-45;21.44
Total;2020-46;23.13
Total;2020-47;21.56
Total;2020-48;21.47
Total;2020-49;22.85
Total;2020-50;24.03
Total;2020-51;23.01
Total;2020-52;22.7
Total;2020-53;24.14
Total;2021-01;26.81
Total;2021-02;30.05
Total;2021-03;31.83
Total;2021-04;26.28
Total;2021-05;18.61
Total;2021-06;13.04
Total;2021-07;9.93
Total;2021-08;3.34
Total;2021-09;0.56
Total;2021-10;2.23
Total;2021-11;2.1
Total;2021-12;2.81
Total;2021-13;4.74
Total;2021-14;5.11
Total;2021-15;5.32
Total;2021-16;6.09
Total;2021-17;5.49
Total;2021-18;5.82
Total;2021-19;2.28
Total;2021-20;0.76
Total;2021-21;-0.13
Total;2021-22;1.98
Total;2021-23;0.79
Total;2021-24;4.16
Total;2021-25;1.47
Total;2021-26;3.28
Total;2021-27;3.27
Total;2021-28;4.85
Total;2021-29;8.7
Total;2021-30;7.03
Total;2021-31;8.41
Total;2021-32;10.19
Total;2021-33;8.68
Total;2021-34;6.42
Total;2021-35;7.15
Total;2021-36;11.23
Total;2021-37;6.19
Total;2021-38;4.66
Total;2021-39;5.5
Total;2021-40;5.24
Total;2021-41;7.35
Total;2021-42;9.03
Total;2021-43;11.26
Total;2021-44;10.56
Total;2021-45;13.38
Total;2021-46;14.18
Total;2021-47;16.82
Total;2021-48;20.98
Total;2021-49;19.48
Total;2021-50;15.58
Total;2021-51;15.42
Total;2021-52;14.62
Total;2022-01;11.26
Total;2022-02;9.86
Total;2022-03;9.4
Total;2022-04;11.93
Total;2022-05;13.16
Total;2022-06;9.39
Total;2022-07;9.23
Total;2022-08;5.27
Total;2022-09;4.29
Total;2022-10;2.34
Total;2022-11;-6.58
0to14;2017-13;-0.37
0to14;2017-14;-0.21
0to14;2017-15;1.44
0to14;2017-16;0.48
0to14;2017-17;1.37
0to14;2017-18;1.71
0to14;2017-19;-1.45
0to14;2017-20;0.07
0to14;2017-21;-0.93
0to14;2017-22;-0.21
0to14;2017-23;1.6
0to14;2017-24;2.6
0to14;2017-25;-0.95
0to14;2017-26;1.24
0to14;2017-27;1.71
0to14;2017-28;-0.3
0to14;2017-29;1.05
0to14;2017-30;0.09
0to14;2017-31;-0.14
0to14;2017-32;-0.27
0to14;2017-33;0.89
0to14;2017-34;-1.54
0to14;2017-35;0.62
0to14;2017-36;-1.54
0to14;2017-37;-0.5
0to14;2017-38;0.34
0to14;2017-39;-0.37
0to14;2017-40;0.7
0to14;2017-41;0.04
0to14;2017-42;-0.06
0to14;2017-43;0.72
0to14;2017-44;-2.02
0to14;2017-45;-1.02
0to14;2017-46;1.06
0to14;2017-47;2.17
0to14;2017-48;-1.13
0to14;2017-49;0.67
0to14;2017-50;1.16
0to14;2017-51;0.34
0to14;2017-52;2.65
0to14;2018-01;0.29
0to14;2018-02;1.59
0to14;2018-03;-0.98
0to14;2018-04;-0.51
0to14;2018-05;-0.41
0to14;2018-06;0.6
0to14;2018-07;0.25
0to14;2018-08;-0.7
0to14;2018-09;1.1
0to14;2018-10;0.85
0to14;2018-11;0.6
0to14;2018-12;-0.2
0to14;2018-13;2.14
0to14;2018-14;0.26
0to14;2018-15;0.19
0to14;2018-16;1.14
0to14;2018-17;-1.13
0to14;2018-18;-1.3
0to14;2018-19;-0.56
0to14;2018-20;-0.02
0to14;2018-21;-0.23
0to14;2018-22;-1.5
0to14;2018-23;1.25
0to14;2018-24;-0.13
0to14;2018-25;-0.3
0to14;2018-26;0.09
0to14;2018-27;1.72
0to14;2018-28;1.05
0to14;2018-29;0.82
0to14;2018-30;1.84
0to14;2018-31;0.28
0to14;2018-32;1.68
0to14;2018-33;-0.8
0to14;2018-34;0.85
0to14;2018-35;-2.5
0to14;2018-36;-1.71
0to14;2018-37;1.59
0to14;2018-38;2.45
0to14;2018-39;-1.33
0to14;2018-40;0.19
0to14;2018-41;1.57
0to14;2018-42;1.47
0to14;2018-43;-1.26
0to14;2018-44;-1.17
0to14;2018-45;1.85
0to14;2018-46;1.11
0to14;2018-47;1.29
0to14;2018-48;0.5
0to14;2018-49;1
0to14;2018-50;0.99
0to14;2018-51;1.48
0to14;2018-52;-1.15
0to14;2019-01;1.96
0to14;2019-02;1.87
0to14;2019-03;1.96
0to14;2019-04;0.03
0to14;2019-05;2.68
0to14;2019-06;1.76
0to14;2019-07;2.39
0to14;2019-08;2.02
0to14;2019-09;1.5
0to14;2019-10;0.66
0to14;2019-11;0.27
0to14;2019-12;-0.36
0to14;2019-13;-0.58
0to14;2019-14;0.75
0to14;2019-15;1.82
0to14;2019-16;-0.89
0to14;2019-17;0.17
0to14;2019-18;0.98
0to14;2019-19;-2.19
0to14;2019-20;-0.52
0to14;2019-21;0.44
0to14;2019-22;-1.1
0to14;2019-23;0.9
0to14;2019-24;-0.59
0to14;2019-25;0.04
0to14;2019-26;0.34
0to14;2019-27;-0.03
0to14;2019-28;1.02
0to14;2019-29;-1.05
0to14;2019-30;1.91
0to14;2019-31;2.59
0to14;2019-32;-0.74
0to14;2019-33;0.26
0to14;2019-34;1.79
0to14;2019-35;0.45
0to14;2019-36;-0.98
0to14;2019-37;-0.02
0to14;2019-38;1.51
0to14;2019-39;-0.94
0to14;2019-40;0.9
0to14;2019-41;-0.66
0to14;2019-42;-0.19
0to14;2019-43;0.79
0to14;2019-44;-1.98
0to14;2019-45;-0.11
0to14;2019-46;0.99
0to14;2019-47;0.85
0to14;2019-48;1.7
0to14;2019-49;2.23
0to14;2019-50;2.92
0to14;2019-51;1.31
0to14;2019-52;1.89
0to14;2020-01;0.12
0to14;2020-02;0.76
0to14;2020-03;0.67
0to14;2020-04;1.75
0to14;2020-05;1.49
0to14;2020-06;0.92
0to14;2020-07;0.07
0to14;2020-08;0.9
0to14;2020-09;-0.09
0to14;2020-10;0.39
0to14;2020-11;1
0to14;2020-12;0.84
0to14;2020-13;1.49
0to14;2020-14;0.79
0to14;2020-15;0.26
0to14;2020-16;-0.61
0to14;2020-17;-0.4
0to14;2020-18;-0.76
0to14;2020-19;-0.41
0to14;2020-20;-0.1
0to14;2020-21;-0.13
0to14;2020-22;-0.4
0to14;2020-23;0.09
0to14;2020-24;-1.32
0to14;2020-25;-0.54
0to14;2020-26;0.46
0to14;2020-27;-1.04
0to14;2020-28;-1.22
0to14;2020-29;-0.87
0to14;2020-30;2.02
0to14;2020-31;-0.05
0to14;2020-32;-1.38
0to14;2020-33;0.75
0to14;2020-34;-1.42
0to14;2020-35;-0.99
0to14;2020-36;-1.08
0to14;2020-37;0.2
0to14;2020-38;0.38
0to14;2020-39;0.52
0to14;2020-40;-1.43
0to14;2020-41;-0.1
0to14;2020-42;-2.56
0to14;2020-43;-0.63
0to14;2020-44;-2.47
0to14;2020-45;0.15
0to14;2020-46;-0.84
0to14;2020-47;-1.27
0to14;2020-48;-1.32
0to14;2020-49;-0.06
0to14;2020-50;-0.72
0to14;2020-51;-0.25
0to14;2020-52;-1.23
0to14;2020-53;-0.39
0to14;2021-01;-1.98
0to14;2021-02;-1.51
0to14;2021-03;-1.45
0to14;2021-04;0.08
0to14;2021-05;-1.16
0to14;2021-06;-0.5
0to14;2021-07;-1.04
0to14;2021-08;-2.21
0to14;2021-09;1.3
0to14;2021-10;-1.85
0to14;2021-11;0.35
0to14;2021-12;-0.49
0to14;2021-13;0.38
0to14;2021-14;-1.91
0to14;2021-15;-0.22
0to14;2021-16;-1.02
0to14;2021-17;0.75
0to14;2021-18;0.1
0to14;2021-19;0.65
0to14;2021-20;0.24
0to14;2021-21;-0.58
0to14;2021-22;1.24
0to14;2021-23;0.49
0to14;2021-24;0.71
0to14;2021-25;1.12
0to14;2021-26;1.78
0to14;2021-27;1.11
0to14;2021-28;0.82
0to14;2021-29;1.21
0to14;2021-30;1.75
0to14;2021-31;1
0to14;2021-32;1.37
0to14;2021-33;0.09
0to14;2021-34;0.22
0to14;2021-35;0.65
0to14;2021-36;0.52
0to14;2021-37;0.88
0to14;2021-38;1.69
0to14;2021-39;2.5
0to14;2021-40;1.32
0to14;2021-41;0.57
0to14;2021-42;2.03
0to14;2021-43;1.96
0to14;2021-44;2
0to14;2021-45;1.44
0to14;2021-46;2.39
0to14;2021-47;1.5
0to14;2021-48;3.71
0to14;2021-49;-0.47
0to14;2021-50;2.51
0to14;2021-51;0.94
0to14;2021-52;2.24
0to14;2022-01;0.3
0to14;2022-02;0.23
0to14;2022-03;0.13
0to14;2022-04;0.12
0to14;2022-05;1.34
0to14;2022-06;0.81
0to14;2022-07;1.24
0to14;2022-08;-0.66
0to14;2022-09;0.6
0to14;2022-10;1.09
0to14;2022-11;-1.34
15to44;2017-13;-0.34
15to44;2017-14;-1.8
15to44;2017-15;-0.97
15to44;2017-16;-2.12
15to44;2017-17;0.78
15to44;2017-18;0.3
15to44;2017-19;0.69
15to44;2017-20;-0.73
15to44;2017-21;1.35
15to44;2017-22;-0.54
15to44;2017-23;-0.94
15to44;2017-24;0.91
15to44;2017-25;1.43
15to44;2017-26;-0.25
15to44;2017-27;1.14
15to44;2017-28;-0.68
15to44;2017-29;-0.41
15to44;2017-30;1.47
15to44;2017-31;1.43
15to44;2017-32;0.65
15to44;2017-33;-0.23
15to44;2017-34;0.66
15to44;2017-35;-0.65
15to44;2017-36;-0.5
15to44;2017-37;-2.05
15to44;2017-38;1.78
15to44;2017-39;1.03
15to44;2017-40;-0.36
15to44;2017-41;-1.07
15to44;2017-42;-0.64
15to44;2017-43;-0.34
15to44;2017-44;0.5
15to44;2017-45;-1.14
15to44;2017-46;0.16
15to44;2017-47;0.06
15to44;2017-48;0.22
15to44;2017-49;1.57
15to44;2017-50;1.5
15to44;2017-51;0.75
15to44;2017-52;2.63
15to44;2018-01;3.97
15to44;2018-02;1.76
15to44;2018-03;0.65
15to44;2018-04;1.56
15to44;2018-05;-0.48
15to44;2018-06;2.33
15to44;2018-07;2.05
15to44;2018-08;-0.23
15to44;2018-09;3.21
15to44;2018-10;2.68
15to44;2018-11;1.29
15to44;2018-12;0.64
15to44;2018-13;0.72
15to44;2018-14;0.85
15to44;2018-15;0.18
15to44;2018-16;0.85
15to44;2018-17;-0.87
15to44;2018-18;2.08
15to44;2018-19;1.82
15to44;2018-20;0.27
15to44;2018-21;0.83
15to44;2018-22;-0.51
15to44;2018-23;1.44
15to44;2018-24;-1.09
15to44;2018-25;-0.4
15to44;2018-26;1.47
15to44;2018-27;1.14
15to44;2018-28;3.43
15to44;2018-29;1.3
15to44;2018-30;2.12
15to44;2018-31;3.7
15to44;2018-32;1.98
15to44;2018-33;0.95
15to44;2018-34;0.52
15to44;2018-35;0.06
15to44;2018-36;0.35
15to44;2018-37;0.06
15to44;2018-38;-0.43
15to44;2018-39;-0.57
15to44;2018-40;-0.34
15to44;2018-41;3.56
15to44;2018-42;-0.56
15to44;2018-43;-0.3
15to44;2018-44;0.29
15to44;2018-45;0.12
15to44;2018-46;-0.79
15to44;2018-47;-0.49
15to44;2018-48;-0.5
15to44;2018-49;0.66
15to44;2018-50;0.83
15to44;2018-51;1.2
15to44;2018-52;-0.02
15to44;2019-01;2.53
15to44;2019-02;2.85
15to44;2019-03;1.27
15to44;2019-04;0.38
15to44;2019-05;1.2
15to44;2019-06;1.98
15to44;2019-07;1.88
15to44;2019-08;0.55
15to44;2019-09;-0.95
15to44;2019-10;1.42
15to44;2019-11;-1.11
15to44;2019-12;-1.08
15to44;2019-13;-0.71
15to44;2019-14;-0.18
15to44;2019-15;0.22
15to44;2019-16;-0.31
15to44;2019-17;-1.71
15to44;2019-18;-0.7
15to44;2019-19;-0.75
15to44;2019-20;-0.38
15to44;2019-21;-0.29
15to44;2019-22;-0.77
15to44;2019-23;0.43
15to44;2019-24;-1.02
15to44;2019-25;1.1
15to44;2019-26;2.64
15to44;2019-27;1.65
15to44;2019-28;-0.82
15to44;2019-29;-0.17
15to44;2019-30;2.35
15to44;2019-31;0.35
15to44;2019-32;0.65
15to44;2019-33;-0.14
15to44;2019-34;-0.35
15to44;2019-35;1.22
15to44;2019-36;-0.41
15to44;2019-37;0.63
15to44;2019-38;0.08
15to44;2019-39;-0.24
15to44;2019-40;-0.86
15to44;2019-41;1.32
15to44;2019-42;-1.07
15to44;2019-43;1.99
15to44;2019-44;-0.51
15to44;2019-45;-0.52
15to44;2019-46;0.17
15to44;2019-47;-0.12
15to44;2019-48;-0.71
15to44;2019-49;0.26
15to44;2019-50;0.28
15to44;2019-51;0
15to44;2019-52;-0.14
15to44;2020-01;3.6
15to44;2020-02;2.21
15to44;2020-03;0.63
15to44;2020-04;-0.55
15to44;2020-05;3.37
15to44;2020-06;-0.95
15to44;2020-07;1.54
15to44;2020-08;-0.2
15to44;2020-09;1.35
15to44;2020-10;1.54
15to44;2020-11;1.78
15to44;2020-12;0.78
15to44;2020-13;3.02
15to44;2020-14;3.02
15to44;2020-15;4.36
15to44;2020-16;1.7
15to44;2020-17;0.93
15to44;2020-18;-0.84
15to44;2020-19;-1.05
15to44;2020-20;1.67
15to44;2020-21;-0.66
15to44;2020-22;1.34
15to44;2020-23;-0.2
15to44;2020-24;0.98
15to44;2020-25;1
15to44;2020-26;1.04
15to44;2020-27;0.85
15to44;2020-28;-0.59
15to44;2020-29;-0.08
15to44;2020-30;0.27
15to44;2020-31;2.55
15to44;2020-32;2.71
15to44;2020-33;3.65
15to44;2020-34;1.02
15to44;2020-35;0.62
15to44;2020-36;1.46
15to44;2020-37;1.92
15to44;2020-38;2.02
15to44;2020-39;0.33
15to44;2020-40;0.32
15to44;2020-41;1.75
15to44;2020-42;-0.99
15to44;2020-43;2.85
15to44;2020-44;1.66
15to44;2020-45;0.33
15to44;2020-46;0.36
15to44;2020-47;1.3
15to44;2020-48;0.21
15to44;2020-49;4.52
15to44;2020-50;2.94
15to44;2020-51;0.37
15to44;2020-52;0.89
15to44;2020-53;3.26
15to44;2021-01;2.13
15to44;2021-02;2.36
15to44;2021-03;3.29
15to44;2021-04;2.95
15to44;2021-05;2.58
15to44;2021-06;-0.11
15to44;2021-07;-0.14
15to44;2021-08;-0.59
15to44;2021-09;-0.11
15to44;2021-10;-0.03
15to44;2021-11;0.64
15to44;2021-12;0.29
15to44;2021-13;2.71
15to44;2021-14;2.56
15to44;2021-15;2.59
15to44;2021-16;2.12
15to44;2021-17;1.52
15to44;2021-18;3.14
15to44;2021-19;0.47
15to44;2021-20;0.91
15to44;2021-21;0.3
15to44;2021-22;1.9
15to44;2021-23;0.52
15to44;2021-24;3.61
15to44;2021-25;2.27
15to44;2021-26;1.56
15to44;2021-27;2.82
15to44;2021-28;4.27
15to44;2021-29;4.89
15to44;2021-30;4.27
15to44;2021-31;2.22
15to44;2021-32;3.79
15to44;2021-33;2.37
15to44;2021-34;2.15
15to44;2021-35;3.09
15to44;2021-36;4.78
15to44;2021-37;4.35
15to44;2021-38;3.39
15to44;2021-39;3.57
15to44;2021-40;2.3
15to44;2021-41;1.76
15to44;2021-42;3.64
15to44;2021-43;2.02
15to44;2021-44;1.48
15to44;2021-45;5.25
15to44;2021-46;3.52
15to44;2021-47;6.07
15to44;2021-48;6.58
15to44;2021-49;5
15to44;2021-50;4.13
15to44;2021-51;4.19
15to44;2021-52;5.13
15to44;2022-01;4.91
15to44;2022-02;2.73
15to44;2022-03;2.02
15to44;2022-04;1.98
15to44;2022-05;2.57
15to44;2022-06;1.49
15to44;2022-07;2.57
15to44;2022-08;1.61
15to44;2022-09;1.95
15to44;2022-10;0.71
15to44;2022-11;-2.94
45to64;2017-13;-0.83
45to64;2017-14;-0.93
45to64;2017-15;-0.21
45to64;2017-16;-1.67
45to64;2017-17;1.79
45to64;2017-18;0.33
45to64;2017-19;1.54
45to64;2017-20;-0.08
45to64;2017-21;0.88
45to64;2017-22;-1.15
45to64;2017-23;-0.71
45to64;2017-24;0.64
45to64;2017-25;3.34
45to64;2017-26;-1.57
45to64;2017-27;-0.58
45to64;2017-28;1.5
45to64;2017-29;1.41
45to64;2017-30;-0.9
45to64;2017-31;2.88
45to64;2017-32;-0.05
45to64;2017-33;-2.25
45to64;2017-34;-0.61
45to64;2017-35;-0.15
45to64;2017-36;-1.24
45to64;2017-37;-0.95
45to64;2017-38;0.18
45to64;2017-39;0.57
45to64;2017-40;2.01
45to64;2017-41;1.01
45to64;2017-42;0.52
45to64;2017-43;-0.44
45to64;2017-44;-0.44
45to64;2017-45;1.6
45to64;2017-46;2.96
45to64;2017-47;1.34
45to64;2017-48;1.87
45to64;2017-49;2.55
45to64;2017-50;4.27
45to64;2017-51;4.88
45to64;2017-52;7.56
45to64;2018-01;8.95
45to64;2018-02;5.58
45to64;2018-03;6.26
45to64;2018-04;4.41
45to64;2018-05;5.02
45to64;2018-06;4.42
45to64;2018-07;7.36
45to64;2018-08;9.49
45to64;2018-09;11.7
45to64;2018-10;11.33
45to64;2018-11;8.15
45to64;2018-12;6.41
45to64;2018-13;3.05
45to64;2018-14;5.45
45to64;2018-15;3.88
45to64;2018-16;0.89
45to64;2018-17;-0.51
45to64;2018-18;-0.4
45to64;2018-19;-0.91
45to64;2018-20;0.16
45to64;2018-21;-0.09
45to64;2018-22;0.36
45to64;2018-23;0.35
45to64;2018-24;-0.41
45to64;2018-25;0.08
45to64;2018-26;1.3
45to64;2018-27;0.93
45to64;2018-28;-0.04
45to64;2018-29;1.24
45to64;2018-30;3.17
45to64;2018-31;4.82
45to64;2018-32;2.72
45to64;2018-33;-0.64
45to64;2018-34;-0.79
45to64;2018-35;-0.07
45to64;2018-36;0.18
45to64;2018-37;-1.29
45to64;2018-38;-0.18
45to64;2018-39;0.5
45to64;2018-40;1.56
45to64;2018-41;-0.43
45to64;2018-42;-1.38
45to64;2018-43;-0.53
45to64;2018-44;0.01
45to64;2018-45;0.82
45to64;2018-46;0.5
45to64;2018-47;0.28
45to64;2018-48;1.49
45to64;2018-49;1.65
45to64;2018-50;1.01
45to64;2018-51;3.94
45to64;2018-52;2.39
45to64;2019-01;5.46
45to64;2019-02;5.92
45to64;2019-03;4.86
45to64;2019-04;6.69
45to64;2019-05;7.44
45to64;2019-06;6.01
45to64;2019-07;6.48
45to64;2019-08;3.78
45to64;2019-09;5.27
45to64;2019-10;3.86
45to64;2019-11;0.67
45to64;2019-12;0.56
45to64;2019-13;-0.88
45to64;2019-14;0.09
45to64;2019-15;-1.45
45to64;2019-16;0.55
45to64;2019-17;0.56
45to64;2019-18;-1.62
45to64;2019-19;-0.97
45to64;2019-20;-0.31
45to64;2019-21;-0.92
45to64;2019-22;-0.34
45to64;2019-23;-0.42
45to64;2019-24;0.7
45to64;2019-25;1.25
45to64;2019-26;2.45
45to64;2019-27;2.85
45to64;2019-28;-2.12
45to64;2019-29;1.76
45to64;2019-30;2.43
45to64;2019-31;-0.58
45to64;2019-32;-1.22
45to64;2019-33;-3.46
45to64;2019-34;-2
45to64;2019-35;0.89
45to64;2019-36;-1.43
45to64;2019-37;-2.26
45to64;2019-38;0.32
45to64;2019-39;1.22
45to64;2019-40;0.07
45to64;2019-41;0.72
45to64;2019-42;-0.7
45to64;2019-43;-0.72
45to64;2019-44;-0.34
45to64;2019-45;2.54
45to64;2019-46;0.7
45to64;2019-47;-0.27
45to64;2019-48;0.64
45to64;2019-49;3.21
45to64;2019-50;1.82
45to64;2019-51;3.75
45to64;2019-52;0.63
45to64;2020-01;3.42
45to64;2020-02;3.99
45to64;2020-03;3.65
45to64;2020-04;1.52
45to64;2020-05;3.61
45to64;2020-06;2.35
45to64;2020-07;1.77
45to64;2020-08;0.8
45to64;2020-09;1.5
45to64;2020-10;2.04
45to64;2020-11;3.97
45to64;2020-12;8.63
45to64;2020-13;15.46
45to64;2020-14;21.67
45to64;2020-15;19.35
45to64;2020-16;12.34
45to64;2020-17;8.46
45to64;2020-18;3.47
45to64;2020-19;3.94
45to64;2020-20;1.94
45to64;2020-21;2.89
45to64;2020-22;2.37
45to64;2020-23;0.55
45to64;2020-24;0.55
45to64;2020-25;-1.33
45to64;2020-26;1.56
45to64;2020-27;0.59
45to64;2020-28;0.08
45to64;2020-29;0.55
45to64;2020-30;1.35
45to64;2020-31;2.91
45to64;2020-32;2.5
45to64;2020-33;6.53
45to64;2020-34;0.5
45to64;2020-35;-0.44
45to64;2020-36;0.78
45to64;2020-37;1.33
45to64;2020-38;2.59
45to64;2020-39;1.64
45to64;2020-40;3.16
45to64;2020-41;3.86
45to64;2020-42;3.98
45to64;2020-43;7.02
45to64;2020-44;7.25
45to64;2020-45;8.8
45to64;2020-46;10.36
45to64;2020-47;9.33
45to64;2020-48;12.15
45to64;2020-49;10.52
45to64;2020-50;12.26
45to64;2020-51;9.55
45to64;2020-52;11.04
45to64;2020-53;11.87
45to64;2021-01;15.31
45to64;2021-02;16.26
45to64;2021-03;16.42
45to64;2021-04;13.4
45to64;2021-05;11.34
45to64;2021-06;9.87
45to64;2021-07;8.62
45to64;2021-08;5.18
45to64;2021-09;4.14
45to64;2021-10;6.14
45to64;2021-11;4.99
45to64;2021-12;6.67
45to64;2021-13;8
45to64;2021-14;8.08
45to64;2021-15;9.64
45to64;2021-16;9.28
45to64;2021-17;9.09
45to64;2021-18;7.88
45to64;2021-19;5.15
45to64;2021-20;3.65
45to64;2021-21;3.36
45to64;2021-22;4.4
45to64;2021-23;3.09
45to64;2021-24;3.22
45to64;2021-25;3.09
45to64;2021-26;4.94
45to64;2021-27;2.58
45to64;2021-28;3.49
45to64;2021-29;5.34
45to64;2021-30;3.86
45to64;2021-31;5.74
45to64;2021-32;5.48
45to64;2021-33;5.56
45to64;2021-34;4.14
45to64;2021-35;6.66
45to64;2021-36;7.36
45to64;2021-37;3.99
45to64;2021-38;6.49
45to64;2021-39;4.18
45to64;2021-40;6.77
45to64;2021-41;8.26
45to64;2021-42;7.35
45to64;2021-43;7.54
45to64;2021-44;8.32
45to64;2021-45;9.92
45to64;2021-46;11.79
45to64;2021-47;13.73
45to64;2021-48;16.04
45to64;2021-49;16.14
45to64;2021-50;13.22
45to64;2021-51;13.83
45to64;2021-52;12.53
45to64;2022-01;10.39
45to64;2022-02;8.6
45to64;2022-03;6.76
45to64;2022-04;7.42
45to64;2022-05;7.72
45to64;2022-06;5.18
45to64;2022-07;4.58
45to64;2022-08;2.83
45to64;2022-09;2.48
45to64;2022-10;-0.17
45to64;2022-11;-4.31
65to74;2017-13;-0.95
65to74;2017-14;-0.78
65to74;2017-15;-1.31
65to74;2017-16;-1.17
65to74;2017-17;0.81
65to74;2017-18;1.65
65to74;2017-19;1.4
65to74;2017-20;1.64
65to74;2017-21;-0.19
65to74;2017-22;-0.91
65to74;2017-23;-1.26
65to74;2017-24;-0.73
65to74;2017-25;2.12
65to74;2017-26;0.56
65to74;2017-27;1.99
65to74;2017-28;-0.12
65to74;2017-29;1.91
65to74;2017-30;-0.62
65to74;2017-31;0.97
65to74;2017-32;-0.24
65to74;2017-33;0.1
65to74;2017-34;-0.9
65to74;2017-35;-1.36
65to74;2017-36;-1.88
65to74;2017-37;0.53
65to74;2017-38;1.53
65to74;2017-39;0.54
65to74;2017-40;0.46
65to74;2017-41;1.84
65to74;2017-42;1.23
65to74;2017-43;0
65to74;2017-44;-0.65
65to74;2017-45;-0.8
65to74;2017-46;0.77
65to74;2017-47;1.47
65to74;2017-48;1.26
65to74;2017-49;3.75
65to74;2017-50;4.11
65to74;2017-51;4.5
65to74;2017-52;7.14
65to74;2018-01;9.14
65to74;2018-02;6.82
65to74;2018-03;8.13
65to74;2018-04;4.12
65to74;2018-05;5.07
65to74;2018-06;7.45
65to74;2018-07;8.06
65to74;2018-08;10.3
65to74;2018-09;14.98
65to74;2018-10;15.28
65to74;2018-11;10.77
65to74;2018-12;9.29
65to74;2018-13;5.5
65to74;2018-14;4.12
65to74;2018-15;2.61
65to74;2018-16;1.34
65to74;2018-17;-1.42
65to74;2018-18;-2.13
65to74;2018-19;-1.55
65to74;2018-20;-0.9
65to74;2018-21;-1.28
65to74;2018-22;1.49
65to74;2018-23;-2.1
65to74;2018-24;-1.49
65to74;2018-25;0.43
65to74;2018-26;1.46
65to74;2018-27;1.54
65to74;2018-28;-0.74
65to74;2018-29;2.79
65to74;2018-30;2.92
65to74;2018-31;6.56
65to74;2018-32;4.96
65to74;2018-33;-0.43
65to74;2018-34;0.29
65to74;2018-35;-0.29
65to74;2018-36;-0.38
65to74;2018-37;-0.03
65to74;2018-38;0.11
65to74;2018-39;-1.28
65to74;2018-40;1.68
65to74;2018-41;0.18
65to74;2018-42;-1.58
65to74;2018-43;-2
65to74;2018-44;0.15
65to74;2018-45;0.77
65to74;2018-46;-2.2
65to74;2018-47;-1.31
65to74;2018-48;0.57
65to74;2018-49;0.37
65to74;2018-50;1.38
65to74;2018-51;2.17
65to74;2018-52;2.21
65to74;2019-01;3.34
65to74;2019-02;6.3
65to74;2019-03;5.48
65to74;2019-04;6.03
65to74;2019-05;7.34
65to74;2019-06;7.85
65to74;2019-07;6.48
65to74;2019-08;6.7
65to74;2019-09;5.04
65to74;2019-10;4.17
65to74;2019-11;3.69
65to74;2019-12;0.67
65to74;2019-13;-1.22
65to74;2019-14;1.42
65to74;2019-15;-1.16
65to74;2019-16;1.95
65to74;2019-17;-0.69
65to74;2019-18;-1.52
65to74;2019-19;-0.38
65to74;2019-20;-0.06
65to74;2019-21;-0.27
65to74;2019-22;-0.01
65to74;2019-23;1.81
65to74;2019-24;-0.14
65to74;2019-25;1.01
65to74;2019-26;3.74
65to74;2019-27;2.2
65to74;2019-28;-0.75
65to74;2019-29;-0.47
65to74;2019-30;6.59
65to74;2019-31;1.23
65to74;2019-32;-0.81
65to74;2019-33;-0.8
65to74;2019-34;-1.19
65to74;2019-35;1.84
65to74;2019-36;-2.45
65to74;2019-37;-0.72
65to74;2019-38;-0.56
65to74;2019-39;0.34
65to74;2019-40;0.1
65to74;2019-41;0.44
65to74;2019-42;0.5
65to74;2019-43;0.85
65to74;2019-44;-0.38
65to74;2019-45;0.52
65to74;2019-46;0.24
65to74;2019-47;0.92
65to74;2019-48;-0.13
65to74;2019-49;3.03
65to74;2019-50;3.63
65to74;2019-51;4.07
65to74;2019-52;0.68
65to74;2020-01;3.45
65to74;2020-02;4.59
65to74;2020-03;2.98
65to74;2020-04;3.83
65to74;2020-05;4.28
65to74;2020-06;2.1
65to74;2020-07;1.88
65to74;2020-08;0.4
65to74;2020-09;0.81
65to74;2020-10;1.95
65to74;2020-11;5.57
65to74;2020-12;13.88
65to74;2020-13;25.67
65to74;2020-14;33.02
65to74;2020-15;29.14
65to74;2020-16;19.79
65to74;2020-17;12.88
65to74;2020-18;6.75
65to74;2020-19;4.44
65to74;2020-20;1.46
65to74;2020-21;0.48
65to74;2020-22;-0.04
65to74;2020-23;-0.04
65to74;2020-24;-1.53
65to74;2020-25;-0.85
65to74;2020-26;3.74
65to74;2020-27;0.72
65to74;2020-28;-1.81
65to74;2020-29;0.01
65to74;2020-30;0.88
65to74;2020-31;2.17
65to74;2020-32;2.58
65to74;2020-33;7.5
65to74;2020-34;1.59
65to74;2020-35;0.24
65to74;2020-36;0.99
65to74;2020-37;2.4
65to74;2020-38;2.29
65to74;2020-39;3.49
65to74;2020-40;5.22
65to74;2020-41;4.57
65to74;2020-42;6.16
65to74;2020-43;10.71
65to74;2020-44;14.41
65to74;2020-45;15.63
65to74;2020-46;17.01
65to74;2020-47;15.82
65to74;2020-48;16.83
65to74;2020-49;18.56
65to74;2020-50;16.41
65to74;2020-51;16.82
65to74;2020-52;16.58
65to74;2020-53;16.8
65to74;2021-01;17.3
65to74;2021-02;20.78
65to74;2021-03;21.59
65to74;2021-04;18.8
65to74;2021-05;14.99
65to74;2021-06;11.61
65to74;2021-07;10.75
65to74;2021-08;5.86
65to74;2021-09;5.83
65to74;2021-10;8.09
65to74;2021-11;8.08
65to74;2021-12;9.11
65to74;2021-13;9.64
65to74;2021-14;11.41
65to74;2021-15;10.77
65to74;2021-16;11.52
65to74;2021-17;9.67
65to74;2021-18;11.24
65to74;2021-19;6.64
65to74;2021-20;6.35
65to74;2021-21;2.74
65to74;2021-22;4.32
65to74;2021-23;4.29
65to74;2021-24;4.73
65to74;2021-25;2.2
65to74;2021-26;3.71
65to74;2021-27;3.83
65to74;2021-28;5.15
65to74;2021-29;6.66
65to74;2021-30;5.48
65to74;2021-31;5.65
65to74;2021-32;7.17
65to74;2021-33;6.28
65to74;2021-34;5.98
65to74;2021-35;7.08
65to74;2021-36;9.56
65to74;2021-37;5.85
65to74;2021-38;4.82
65to74;2021-39;6.49
65to74;2021-40;6.18
65to74;2021-41;8.25
65to74;2021-42;7.59
65to74;2021-43;10.04
65to74;2021-44;10.26
65to74;2021-45;11.44
65to74;2021-46;12.42
65to74;2021-47;16.64
65to74;2021-48;19.7
65to74;2021-49;17.49
65to74;2021-50;15.14
65to74;2021-51;15.47
65to74;2021-52;13.62
65to74;2022-01;10.48
65to74;2022-02;9.79
65to74;2022-03;7.29
65to74;2022-04;10.07
65to74;2022-05;10.11
65to74;2022-06;6.62
65to74;2022-07;7.31
65to74;2022-08;3.99
65to74;2022-09;3.39
65to74;2022-10;1.68
65to74;2022-11;-4.32
75to84;2017-13;-1.49
75to84;2017-14;-2.32
75to84;2017-15;-2.64
75to84;2017-16;-1.69
75to84;2017-17;0.8
75to84;2017-18;0.08
75to84;2017-19;1.9
75to84;2017-20;0.97
75to84;2017-21;0.3
75to84;2017-22;0.4
75to84;2017-23;-3.72
75to84;2017-24;1.17
75to84;2017-25;4.31
75to84;2017-26;1.69
75to84;2017-27;3.09
75to84;2017-28;-0.82
75to84;2017-29;0.66
75to84;2017-30;0.72
75to84;2017-31;2.92
75to84;2017-32;0.39
75to84;2017-33;-0.64
75to84;2017-34;-0.11
75to84;2017-35;-0.5
75to84;2017-36;-2.5
75to84;2017-37;-0.76
75to84;2017-38;-0.16
75to84;2017-39;1.55
75to84;2017-40;0.92
75to84;2017-41;2.31
75to84;2017-42;0.02
75to84;2017-43;-1.69
75to84;2017-44;-2.14
75to84;2017-45;-1.58
75to84;2017-46;0.11
75to84;2017-47;0.55
75to84;2017-48;1.56
75to84;2017-49;3.28
75to84;2017-50;6.2
75to84;2017-51;6.37
75to84;2017-52;7.86
75to84;2018-01;10.14
75to84;2018-02;8.9
75to84;2018-03;8.4
75to84;2018-04;6.77
75to84;2018-05;6.26
75to84;2018-06;7.35
75to84;2018-07;9.68
75to84;2018-08;10.7
75to84;2018-09;17.9
75to84;2018-10;20.22
75to84;2018-11;13.78
75to84;2018-12;9.52
75to84;2018-13;8.33
75to84;2018-14;5.55
75to84;2018-15;3.7
75to84;2018-16;1.03
75to84;2018-17;-2.53
75to84;2018-18;-2.1
75to84;2018-19;-2.22
75to84;2018-20;-3.26
75to84;2018-21;-0.55
75to84;2018-22;0.51
75to84;2018-23;0.75
75to84;2018-24;-3.24
75to84;2018-25;-1.21
75to84;2018-26;2.49
75to84;2018-27;2.27
75to84;2018-28;0.15
75to84;2018-29;1.38
75to84;2018-30;6.72
75to84;2018-31;9.22
75to84;2018-32;6.27
75to84;2018-33;0.74
75to84;2018-34;0.32
75to84;2018-35;-1.73
75to84;2018-36;-0.38
75to84;2018-37;-1.07
75to84;2018-38;-1.12
75to84;2018-39;-1.84
75to84;2018-40;-1.19
75to84;2018-41;0.87
75to84;2018-42;-2.84
75to84;2018-43;-2.47
75to84;2018-44;-0.09
75to84;2018-45;-0.11
75to84;2018-46;-2.6
75to84;2018-47;-0.66
75to84;2018-48;0.93
75to84;2018-49;0.63
75to84;2018-50;-0.45
75to84;2018-51;1.89
75to84;2018-52;0.4
75to84;2019-01;2.64
75to84;2019-02;6.05
75to84;2019-03;6.04
75to84;2019-04;6.33
75to84;2019-05;7.07
75to84;2019-06;7.8
75to84;2019-07;7.02
75to84;2019-08;4.26
75to84;2019-09;5.25
75to84;2019-10;3.86
75to84;2019-11;2.5
75to84;2019-12;-0.66
75to84;2019-13;0.34
75to84;2019-14;1.27
75to84;2019-15;-0.07
75to84;2019-16;1.34
75to84;2019-17;1.09
75to84;2019-18;-1.01
75to84;2019-19;1.33
75to84;2019-20;1.06
75to84;2019-21;1.42
75to84;2019-22;-0.5
75to84;2019-23;1.49
75to84;2019-24;0.56
75to84;2019-25;1.2
75to84;2019-26;4.39
75to84;2019-27;2.86
75to84;2019-28;0.7
75to84;2019-29;0.97
75to84;2019-30;9.83
75to84;2019-31;1.09
75to84;2019-32;1.43
75to84;2019-33;-1.29
75to84;2019-34;0.3
75to84;2019-35;2.85
75to84;2019-36;-1.48
75to84;2019-37;-0.85
75to84;2019-38;-0.94
75to84;2019-39;1.36
75to84;2019-40;0.12
75to84;2019-41;2.16
75to84;2019-42;1.3
75to84;2019-43;0.12
75to84;2019-44;0.54
75to84;2019-45;0.27
75to84;2019-46;3
75to84;2019-47;2.12
75to84;2019-48;1.41
75to84;2019-49;1.33
75to84;2019-50;3.03
75to84;2019-51;3.31
75to84;2019-52;0.94
75to84;2020-01;1.42
75to84;2020-02;4.08
75to84;2020-03;2.36
75to84;2020-04;1.51
75to84;2020-05;3.67
75to84;2020-06;0.17
75to84;2020-07;2.07
75to84;2020-08;-0.3
75to84;2020-09;1.47
75to84;2020-10;1.76
75to84;2020-11;4.5
75to84;2020-12;14.32
75to84;2020-13;31.01
75to84;2020-14;42.19
75to84;2020-15;40.83
75to84;2020-16;29.17
75to84;2020-17;18.43
75to84;2020-18;10.91
75to84;2020-19;6.78
75to84;2020-20;2.42
75to84;2020-21;2.11
75to84;2020-22;-1
75to84;2020-23;0.29
75to84;2020-24;-0.45
75to84;2020-25;-0.95
75to84;2020-26;1.89
75to84;2020-27;-0.35
75to84;2020-28;0.09
75to84;2020-29;1.96
75to84;2020-30;1.87
75to84;2020-31;5.24
75to84;2020-32;4.19
75to84;2020-33;10.94
75to84;2020-34;2.54
75to84;2020-35;1.08
75to84;2020-36;1.08
75to84;2020-37;3.2
75to84;2020-38;4.3
75to84;2020-39;3.01
75to84;2020-40;4.61
75to84;2020-41;4.68
75to84;2020-42;6.35
75to84;2020-43;11.58
75to84;2020-44;16.56
75to84;2020-45;19.75
75to84;2020-46;21.23
75to84;2020-47;19.64
75to84;2020-48;18.76
75to84;2020-49;19.63
75to84;2020-50;21.25
75to84;2020-51;20.92
75to84;2020-52;19.86
75to84;2020-53;21.55
75to84;2021-01;22.89
75to84;2021-02;25.23
75to84;2021-03;27.05
75to84;2021-04;21.45
75to84;2021-05;15.86
75to84;2021-06;11.61
75to84;2021-07;8.24
75to84;2021-08;3.68
75to84;2021-09;1.96
75to84;2021-10;1.93
75to84;2021-11;2.73
75to84;2021-12;2.92
75to84;2021-13;6.25
75to84;2021-14;5.03
75to84;2021-15;4.69
75to84;2021-16;5.34
75to84;2021-17;5.04
75to84;2021-18;4.6
75to84;2021-19;2.37
75to84;2021-20;0.96
75to84;2021-21;-0.4
75to84;2021-22;0.72
75to84;2021-23;0.49
75to84;2021-24;2.79
75to84;2021-25;0.92
75to84;2021-26;2.11
75to84;2021-27;1.57
75to84;2021-28;3.01
75to84;2021-29;6.86
75to84;2021-30;6.3
75to84;2021-31;6.08
75to84;2021-32;6.86
75to84;2021-33;6.47
75to84;2021-34;5.36
75to84;2021-35;5.78
75to84;2021-36;9.03
75to84;2021-37;5.12
75to84;2021-38;3.52
75to84;2021-39;4.52
75to84;2021-40;3.65
75to84;2021-41;4.97
75to84;2021-42;6.68
75to84;2021-43;9.8
75to84;2021-44;8.42
75to84;2021-45;10.99
75to84;2021-46;12.32
75to84;2021-47;14.55
75to84;2021-48;17.06
75to84;2021-49;15.09
75to84;2021-50;12.57
75to84;2021-51;12.02
75to84;2021-52;11.88
75to84;2022-01;8.1
75to84;2022-02;6.46
75to84;2022-03;6.76
75to84;2022-04;8.69
75to84;2022-05;9.4
75to84;2022-06;7.09
75to84;2022-07;6.5
75to84;2022-08;4.46
75to84;2022-09;2.57
75to84;2022-10;2.1
75to84;2022-11;-6.03
65P;2017-13;-1.75
65P;2017-14;-2.74
65P;2017-15;-2.62
65P;2017-16;-2.62
65P;2017-17;1.34
65P;2017-18;1.09
65P;2017-19;1.34
65P;2017-20;1.47
65P;2017-21;0.79
65P;2017-22;-0.13
65P;2017-23;-2.95
65P;2017-24;1.15
65P;2017-25;5.05
65P;2017-26;1.1
65P;2017-27;3.43
65P;2017-28;-0.27
65P;2017-29;1.76
65P;2017-30;0.76
65P;2017-31;3.72
65P;2017-32;1.92
65P;2017-33;0.89
65P;2017-34;1.1
65P;2017-35;-0.39
65P;2017-36;-2.89
65P;2017-37;-0.96
65P;2017-38;0.6
65P;2017-39;1.89
65P;2017-40;1.27
65P;2017-41;2.85
65P;2017-42;0.16
65P;2017-43;-1.45
65P;2017-44;-1.98
65P;2017-45;-1.4
65P;2017-46;0.64
65P;2017-47;1.21
65P;2017-48;0.98
65P;2017-49;4.27
65P;2017-50;6.56
65P;2017-51;7.56
65P;2017-52;10.7
65P;2018-01;15.64
65P;2018-02;13.07
65P;2018-03;12.58
65P;2018-04;9.4
65P;2018-05;8.54
65P;2018-06;9.78
65P;2018-07;13.07
65P;2018-08;15.47
65P;2018-09;22.56
65P;2018-10;24.85
65P;2018-11;17.45
65P;2018-12;13.12
65P;2018-13;10.06
65P;2018-14;6.92
65P;2018-15;4.61
65P;2018-16;1.2
65P;2018-17;-2.53
65P;2018-18;-3.13
65P;2018-19;-2.26
65P;2018-20;-3.25
65P;2018-21;-1.06
65P;2018-22;0.72
65P;2018-23;-1.34
65P;2018-24;-3.21
65P;2018-25;-0.69
65P;2018-26;2.82
65P;2018-27;3.6
65P;2018-28;0.39
65P;2018-29;3.15
65P;2018-30;7.35
65P;2018-31;11.4
65P;2018-32;7.9
65P;2018-33;0.96
65P;2018-34;0.95
65P;2018-35;-1.62
65P;2018-36;-0.69
65P;2018-37;-1.55
65P;2018-38;-0.26
65P;2018-39;-2.56
65P;2018-40;-0.13
65P;2018-41;1.11
65P;2018-42;-2.96
65P;2018-43;-3.23
65P;2018-44;-0.51
65P;2018-45;-0.16
65P;2018-46;-3.33
65P;2018-47;-2.1
65P;2018-48;-0.82
65P;2018-49;-0.56
65P;2018-50;-1.39
65P;2018-51;1.62
65P;2018-52;0.55
65P;2019-01;4.56
65P;2019-02;8.41
65P;2019-03;8.29
65P;2019-04;8.73
65P;2019-05;9.53
65P;2019-06;10.06
65P;2019-07;8.1
65P;2019-08;7.38
65P;2019-09;7.13
65P;2019-10;4.64
65P;2019-11;3.39
65P;2019-12;-0.08
65P;2019-13;-0.93
65P;2019-14;1.25
65P;2019-15;-0.93
65P;2019-16;1.5
65P;2019-17;1.31
65P;2019-18;-0.83
65P;2019-19;0.47
65P;2019-20;0.95
65P;2019-21;1.14
65P;2019-22;0.62
65P;2019-23;1.53
65P;2019-24;0.86
65P;2019-25;1.26
65P;2019-26;5.58
65P;2019-27;3.33
65P;2019-28;1.3
65P;2019-29;1.17
65P;2019-30;11.26
65P;2019-31;1.85
65P;2019-32;1.2
65P;2019-33;-0.82
65P;2019-34;0.37
65P;2019-35;3.54
65P;2019-36;-2.45
65P;2019-37;-1.06
65P;2019-38;-0.75
65P;2019-39;1.11
65P;2019-40;-0.13
65P;2019-41;1.96
65P;2019-42;1.42
65P;2019-43;0.59
65P;2019-44;0.51
65P;2019-45;0.58
65P;2019-46;2.23
65P;2019-47;2.8
65P;2019-48;1.54
65P;2019-49;1.82
65P;2019-50;3.1
65P;2019-51;4.17
65P;2019-52;1.1
65P;2020-01;3.95
65P;2020-02;6.78
65P;2020-03;4.44
65P;2020-04;3.08
65P;2020-05;5.12
65P;2020-06;1.77
65P;2020-07;2.58
65P;2020-08;-0.79
65P;2020-09;1.24
65P;2020-10;2.28
65P;2020-11;5.4
65P;2020-12;15.41
65P;2020-13;33.03
65P;2020-14;49.44
65P;2020-15;48.49
65P;2020-16;36.2
65P;2020-17;23.62
65P;2020-18;13.42
65P;2020-19;8.68
65P;2020-20;2.49
65P;2020-21;3.16
65P;2020-22;-0.62
65P;2020-23;-0.03
65P;2020-24;-1.54
65P;2020-25;-1.44
65P;2020-26;3.28
65P;2020-27;0.12
65P;2020-28;-0.27
65P;2020-29;1.49
65P;2020-30;2.56
65P;2020-31;6.44
65P;2020-32;5.47
65P;2020-33;12.82
65P;2020-34;4.1
65P;2020-35;1.19
65P;2020-36;1.37
65P;2020-37;3.43
65P;2020-38;5.23
65P;2020-39;2.49
65P;2020-40;5.3
65P;2020-41;4.84
65P;2020-42;6.52
65P;2020-43;13.67
65P;2020-44;17.94
65P;2020-45;21.58
65P;2020-46;23.14
65P;2020-47;21.54
65P;2020-48;21.01
65P;2020-49;22.43
65P;2020-50;23.5
65P;2020-51;23
65P;2020-52;22.38
65P;2020-53;23.6
65P;2021-01;25.99
65P;2021-02;29.27
65P;2021-03;31.09
65P;2021-04;25.61
65P;2021-05;17.76
65P;2021-06;12.17
65P;2021-07;9.06
65P;2021-08;2.6
65P;2021-09;-0.35
65P;2021-10;1.2
65P;2021-11;1.17
65P;2021-12;1.69
65P;2021-13;3.37
65P;2021-14;3.86
65P;2021-15;3.77
65P;2021-16;4.74
65P;2021-17;4.11
65P;2021-18;4.61
65P;2021-19;1.43
65P;2021-20;0.04
65P;2021-21;-0.8
65P;2021-22;1.16
65P;2021-23;0.21
65P;2021-24;3.66
65P;2021-25;0.83
65P;2021-26;2.5
65P;2021-27;2.85
65P;2021-28;4.33
65P;2021-29;8.15
65P;2021-30;6.61
65P;2021-31;7.95
65P;2021-32;9.82
65P;2021-33;8.3
65P;2021-34;6.11
65P;2021-35;6.36
65P;2021-36;10.55
65P;2021-37;5.7
65P;2021-38;3.58
65P;2021-39;4.88
65P;2021-40;4.24
65P;2021-41;6.33
65P;2021-42;8.12
65P;2021-43;10.61
65P;2021-44;9.73
65P;2021-45;12.24
65P;2021-46;12.85
65P;2021-47;15.21
65P;2021-48;19.18
65P;2021-49;17.76
65P;2021-50;14.01
65P;2021-51;13.74
65P;2021-52;13.01
65P;2022-01;9.78
65P;2022-02;8.68
65P;2022-03;8.59
65P;2022-04;11.2
65P;2022-05;12.39
65P;2022-06;8.89
65P;2022-07;8.78
65P;2022-08;4.85
65P;2022-09;3.82
65P;2022-10;2.4
65P;2022-11;-6.33
85P;2017-13;-1.7
85P;2017-14;-2.91
85P;2017-15;-2.28
85P;2017-16;-2.97
85P;2017-17;1.49
85P;2017-18;1.23
85P;2017-19;0.52
85P;2017-20;1.29
85P;2017-21;1.27
85P;2017-22;-0.12
85P;2017-23;-2.14
85P;2017-24;1.52
85P;2017-25;5.09
85P;2017-26;0.57
85P;2017-27;3.13
85P;2017-28;0.14
85P;2017-29;1.88
85P;2017-30;1.09
85P;2017-31;4.15
85P;2017-32;3.19
85P;2017-33;1.96
85P;2017-34;2.36
85P;2017-35;0.2
85P;2017-36;-2.62
85P;2017-37;-1.35
85P;2017-38;0.58
85P;2017-39;2.07
85P;2017-40;1.45
85P;2017-41;2.73
85P;2017-42;-0.18
85P;2017-43;-1.36
85P;2017-44;-1.73
85P;2017-45;-1.05
85P;2017-46;0.76
85P;2017-47;1.17
85P;2017-48;0.16
85P;2017-49;3.75
85P;2017-50;5.6
85P;2017-51;7.06
85P;2017-52;10.46
85P;2018-01;16.63
85P;2018-02;13.91
85P;2018-03;12.91
85P;2018-04;10.02
85P;2018-05;8.54
85P;2018-06;9.08
85P;2018-07;12.94
85P;2018-08;15.53
85P;2018-09;21.22
85P;2018-10;23.51
85P;2018-11;16.77
85P;2018-12;12.73
85P;2018-13;9.69
85P;2018-14;6.67
85P;2018-15;4.51
85P;2018-16;0.88
85P;2018-17;-2.15
85P;2018-18;-3.2
85P;2018-19;-1.82
85P;2018-20;-3.11
85P;2018-21;-0.96
85P;2018-22;0.35
85P;2018-23;-2.01
85P;2018-24;-2.82
85P;2018-25;-0.54
85P;2018-26;2.68
85P;2018-27;4.16
85P;2018-28;0.88
85P;2018-29;3.48
85P;2018-30;7.16
85P;2018-31;11.13
85P;2018-32;7.64
85P;2018-33;1.35
85P;2018-34;1.34
85P;2018-35;-1.54
85P;2018-36;-0.79
85P;2018-37;-1.95
85P;2018-38;0.28
85P;2018-39;-2.7
85P;2018-40;-0.07
85P;2018-41;1.31
85P;2018-42;-2.6
85P;2018-43;-3.16
85P;2018-44;-0.88
85P;2018-45;-0.5
85P;2018-46;-3.2
85P;2018-47;-2.71
85P;2018-48;-2.29
85P;2018-49;-1.57
85P;2018-50;-2.67
85P;2018-51;0.65
85P;2018-52;-0.23
85P;2019-01;4.73
85P;2019-02;7.97
85P;2019-03;8.06
85P;2019-04;8.41
85P;2019-05;8.81
85P;2019-06;9.04
85P;2019-07;6.72
85P;2019-08;7.22
85P;2019-09;6.76
85P;2019-10;3.76
85P;2019-11;2.69
85P;2019-12;-0.04
85P;2019-13;-1.44
85P;2019-14;0.71
85P;2019-15;-1.18
85P;2019-16;0.91
85P;2019-17;1.76
85P;2019-18;-0.22
85P;2019-19;0.05
85P;2019-20;0.94
85P;2019-21;1.12
85P;2019-22;1.4
85P;2019-23;0.94
85P;2019-24;1.16
85P;2019-25;0.98
85P;2019-26;5.29
85P;2019-27;3
85P;2019-28;2.07
85P;2019-29;1.55
85P;2019-30;10.41
85P;2019-31;1.99
85P;2019-32;1.42
85P;2019-33;-0.27
85P;2019-34;0.89
85P;2019-35;3.52
85P;2019-36;-2.34
85P;2019-37;-1
85P;2019-38;-0.48
85P;2019-39;0.87
85P;2019-40;-0.36
85P;2019-41;1.77
85P;2019-42;1.38
85P;2019-43;0.59
85P;2019-44;0.64
85P;2019-45;0.59
85P;2019-46;1.71
85P;2019-47;3
85P;2019-48;1.68
85P;2019-49;1.02
85P;2019-50;1.85
85P;2019-51;3.32
85P;2019-52;0.87
85P;2020-01;4.37
85P;2020-02;7.02
85P;2020-03;4.74
85P;2020-04;2.66
85P;2020-05;4.55
85P;2020-06;1.93
85P;2020-07;2.16
85P;2020-08;-1.48
85P;2020-09;0.68
85P;2020-10;1.85
85P;2020-11;4.04
85P;2020-12;11.63
85P;2020-13;26.43
85P;2020-14;44.42
85P;2020-15;45.11
85P;2020-16;35.24
85P;2020-17;23.41
85P;2020-18;13.21
85P;2020-19;8.69
85P;2020-20;2.04
85P;2020-21;3.79
85P;2020-22;-0.47
85P;2020-23;-0.31
85P;2020-24;-1.86
85P;2020-25;-1.61
85P;2020-26;2.89
85P;2020-27;0.08
85P;2020-28;0.09
85P;2020-29;1.18
85P;2020-30;2.77
85P;2020-31;6.74
85P;2020-32;5.62
85P;2020-33;11.94
85P;2020-34;4.73
85P;2020-35;1.17
85P;2020-36;1.19
85P;2020-37;2.79
85P;2020-38;5.24
85P;2020-39;0.87
85P;2020-40;4
85P;2020-41;3.41
85P;2020-42;4.6
85P;2020-43;11.73
85P;2020-44;14.36
85P;2020-45;18.04
85P;2020-46;19.2
85P;2020-47;17.93
85P;2020-48;17.2
85P;2020-49;18.39
85P;2020-50;19.92
85P;2020-51;19.11
85P;2020-52;18.81
85P;2020-53;19.67
85P;2021-01;22.65
85P;2021-02;25.41
85P;2021-03;27
85P;2021-04;22.35
85P;2021-05;14.07
85P;2021-06;8.59
85P;2021-07;5.79
85P;2021-08;-0.43
85P;2021-09;-4.34
85P;2021-10;-2.51
85P;2021-11;-3.1
85P;2021-12;-2.72
85P;2021-13;-2.26
85P;2021-14;-1.29
85P;2021-15;-0.96
85P;2021-16;-0.01
85P;2021-17;-0.16
85P;2021-18;0.38
85P;2021-19;-1.86
85P;2021-20;-3.22
85P;2021-21;-2.35
85P;2021-22;-0.32
85P;2021-23;-1.81
85P;2021-24;2.46
85P;2021-25;-0.21
85P;2021-26;1.32
85P;2021-27;2.23
85P;2021-28;3.33
85P;2021-29;6.8
85P;2021-30;4.96
85P;2021-31;7.36
85P;2021-32;9.5
85P;2021-33;7.48
85P;2021-34;4.53
85P;2021-35;4.26
85P;2021-36;8.38
85P;2021-37;4.02
85P;2021-38;1.81
85P;2021-39;2.76
85P;2021-40;2.34
85P;2021-41;4.26
85P;2021-42;6.49
85P;2021-43;7.75
85P;2021-44;7.06
85P;2021-45;9.2
85P;2021-46;8.99
85P;2021-47;9.97
85P;2021-48;13.95
85P;2021-49;13.6
85P;2021-50;9.73
85P;2021-51;9.49
85P;2021-52;9.01
85P;2022-01;7.25
85P;2022-02;6.67
85P;2022-03;7.08
85P;2022-04;9.32
85P;2022-05;10.72
85P;2022-06;7.67
85P;2022-07;7.58
85P;2022-08;3.45
85P;2022-09;3.17
85P;2022-10;1.85
85P;2022-11;-5.54