"excess_mortality_x","excess_mortality_x_date","excess_mortality_week","excess_mortality_y"
"-10954","1990-01-04","1990W01","312.532046067327"
"-10947","1990-01-11","1990W02","301.7681674289041"
"-10940","1990-01-18","1990W03","344.82855419071154"
"-10933","1990-01-25","1990W04","321.7536441376577"
"-10926","1990-02-01","1990W05","259.57136605771177"
"-10919","1990-02-08","1990W06","221.2967295675909"
"-10912","1990-02-15","1990W07","144.93160191909215"
"-10905","1990-02-22","1990W08","122.46467510272157"
"-10898","1990-03-01","1990W09","118.87162380983727"
"-10891","1990-03-08","1990W10","137.11545204971776"
"-10884","1990-03-15","1990W11","73.14702348385629"
"-10877","1990-03-22","1990W12","139.90576787601617"
"-10870","1990-03-29","1990W13","149.32055350171026"
"-10863","1990-04-05","1990W14","98.31071295195375"
"-10856","1990-04-12","1990W15","98.78720753826235"
"-10849","1990-04-19","1990W16","121.653913491308"
"-10842","1990-04-26","1990W17","113.80901137374917"
"-10835","1990-05-03","1990W18","146.14645862412988"
"-10828","1990-05-10","1990W19","134.55752393554155"
"-10821","1990-05-17","1990W20","136.93236126742534"
"-10814","1990-05-24","1990W21","123.16160070486671"
"-10807","1990-05-31","1990W22","192.13793312558676"
"-10800","1990-06-07","1990W23","213.75766571426573"
"-10793","1990-06-14","1990W24","202.9222257760689"
"-10786","1990-06-21","1990W25","194.53959104021385"
"-10779","1990-06-28","1990W26","288.52562569976953"
"-10772","1990-07-05","1990W27","209.8053027902656"
"-10765","1990-07-12","1990W28","177.3137951478118"
"-10758","1990-07-19","1990W29","163.99741908347323"
"-10751","1990-07-26","1990W30","191.8144170373938"
"-10744","1990-08-02","1990W31","225.73556780285583"
"-10737","1990-08-09","1990W32","135.74461540346067"
"-10730","1990-08-16","1990W33","157.83851032994005"
"-10723","1990-08-23","1990W34","136.0274595587299"
"-10716","1990-08-30","1990W35","151.33478454312046"
"-10709","1990-09-06","1990W36","136.79658914941945"
"-10702","1990-09-13","1990W37","143.46124226483562"
"-10695","1990-09-20","1990W38","235.38868249080815"
"-10688","1990-09-27","1990W39","169.64955491630985"
"-10681","1990-10-04","1990W40","192.3241924027675"
"-10674","1990-10-11","1990W41","176.50145607039485"
"-10667","1990-10-18","1990W42","177.2774517219881"
"-10660","1990-10-25","1990W43","137.7541407449943"
"-10653","1990-11-01","1990W44","113.03786556954401"
"-10646","1990-11-08","1990W45","170.23781100691667"
"-10639","1990-11-15","1990W46","145.46442373118202"
"-10632","1990-11-22","1990W47","175.82781278301115"
"-10625","1990-11-29","1990W48","239.43615425967448"
"-10618","1990-12-06","1990W49","142.39412330478126"
"-10611","1990-12-13","1990W50","135.8013761260529"
"-10604","1990-12-20","1990W51","186.75110405460623"
"-10597","1990-12-27","1990W52","215.32868062526404"
"-10590","1991-01-03","1991W01","190.6104213190073"
"-10583","1991-01-10","1991W02","217.66247398513894"
"-10576","1991-01-17","1991W03","127.53985607548839"
"-10569","1991-01-24","1991W04","165.28565270312424"
"-10562","1991-01-31","1991W05","41.93038721430935"
"-10555","1991-02-07","1991W06","72.49157346829475"
"-10548","1991-02-14","1991W07","146.97345639113382"
"-10541","1991-02-21","1991W08","163.36694464497532"
"-10534","1991-02-28","1991W09","142.64973647274337"
"-10527","1991-03-07","1991W10","97.78663697996126"
"-10520","1991-03-14","1991W11","168.73006234130753"
"-10513","1991-03-21","1991W12","96.42072370943413"
"-10506","1991-03-28","1991W13","224.78848099701543"
"-10499","1991-04-04","1991W14","164.75335423763954"
"-10492","1991-04-11","1991W15","183.22667794287975"
"-10485","1991-04-18","1991W16","100.11238179479938"
"-10478","1991-04-25","1991W17","166.3083791756062"
"-10471","1991-05-02","1991W18","162.70804346575585"
"-10464","1991-05-09","1991W19","76.20175076145074"
"-10457","1991-05-16","1991W20","144.67846669092978"
"-10450","1991-05-23","1991W21","129.02735436019486"
"-10443","1991-05-30","1991W22","171.13938014272276"
"-10436","1991-06-06","1991W23","209.90889404869017"
"-10429","1991-06-13","1991W24","199.23516176732494"
"-10422","1991-06-20","1991W25","178.0238261661267"
"-10415","1991-06-27","1991W26","217.18827704288697"
"-10408","1991-07-04","1991W27","196.6509092463914"
"-10401","1991-07-11","1991W28","229.34425089018328"
"-10394","1991-07-18","1991W29","213.21194525780413"
"-10387","1991-07-25","1991W30","142.209572110341"
"-10380","1991-08-01","1991W31","239.30529642752697"
"-10373","1991-08-08","1991W32","152.48033510841697"
"-10366","1991-08-15","1991W33","161.7292347908118"
"-10359","1991-08-22","1991W34","106.05995668199648"
"-10352","1991-08-29","1991W35","168.49376708746377"
"-10345","1991-09-05","1991W36","183.06493513863927"
"-10338","1991-09-12","1991W37","214.82024201446336"
"-10331","1991-09-19","1991W38","176.8183086844989"
"-10324","1991-09-26","1991W39","132.12875183347558"
"-10317","1991-10-03","1991W40","169.83118012056775"
"-10310","1991-10-10","1991W41","106.01404524515033"
"-10303","1991-10-17","1991W42","129.77336440057104"
"-10296","1991-10-24","1991W43","110.2113325679262"
"-10289","1991-10-31","1991W44","62.434844705860314"
"-10282","1991-11-07","1991W45","117.55394920647086"
"-10275","1991-11-14","1991W46","130.6802549925361"
"-10268","1991-11-21","1991W47","154.92531531260465"
"-10261","1991-11-28","1991W48","38.39901163819036"
"-10254","1991-12-05","1991W49","118.20796107597107"
"-10247","1991-12-12","1991W50","154.45397037746272"
"-10240","1991-12-19","1991W51","137.23255896361627"
"-10233","1991-12-26","1991W52","195.6315723916797"
"-10226","1992-01-02","1992W01","91.72990639078319"
"-10219","1992-01-09","1992W02","244.59635999956674"
"-10212","1992-01-16","1992W03","186.2886344769255"
"-10205","1992-01-23","1992W04","205.8524925523309"
"-10198","1992-01-30","1992W05","195.3210902656175"
"-10191","1992-02-06","1992W06","294.714491151121"
"-10184","1992-02-13","1992W07","249.03936988357964"
"-10177","1992-02-20","1992W08","217.28890976153104"
"-10170","1992-02-27","1992W09","174.4428955976474"
"-10163","1992-03-05","1992W10","124.46800075520207"
"-10156","1992-03-12","1992W11","41.31826425665895"
"-10149","1992-03-19","1992W12","64.93575113497275"
"-10142","1992-03-26","1992W13","140.2513865405084"
"-10135","1992-04-02","1992W14","113.1859515951461"
"-10128","1992-04-09","1992W15","122.65122663659497"
"-10121","1992-04-16","1992W16","66.55126535446186"
"-10114","1992-04-23","1992W17","109.78378141615508"
"-10107","1992-04-30","1992W18","118.2416275430802"
"-10100","1992-05-07","1992W19","178.81434564948574"
"-10093","1992-05-14","1992W20","109.38976561758159"
"-10086","1992-05-21","1992W21","125.85562956819342"
"-10079","1992-05-28","1992W22","163.10121810682085"
"-10072","1992-06-04","1992W23","226.01895498619047"
"-10065","1992-06-11","1992W24","172.50596692880993"
"-10058","1992-06-18","1992W25","182.46557599263417"
"-10051","1992-06-25","1992W26","108.80870283037518"
"-10044","1992-07-02","1992W27","189.45516047457124"
"-10037","1992-07-09","1992W28","174.33481985764513"
"-10030","1992-07-16","1992W29","150.38863012631816"
"-10023","1992-07-23","1992W30","133.56947890601975"
"-10016","1992-07-30","1992W31","80.842879983216"
"-10009","1992-08-06","1992W32","166.1874783684168"
"-10002","1992-08-13","1992W33","146.59536534392214"
"-9995","1992-08-20","1992W34","170.07219885000575"
"-9988","1992-08-27","1992W35","177.63712738132676"
"-9981","1992-09-03","1992W36","222.32251841119182"
"-9974","1992-09-10","1992W37","191.17349519358038"
"-9967","1992-09-17","1992W38","136.24728857061427"
"-9960","1992-09-24","1992W39","115.61241309607362"
"-9953","1992-10-01","1992W40","93.34767933478247"
"-9946","1992-10-08","1992W41","154.5410565761489"
"-9939","1992-10-15","1992W42","161.28840237343013"
"-9932","1992-10-22","1992W43","163.69207725666615"
"-9925","1992-10-29","1992W44","160.85946463868777"
"-9918","1992-11-05","1992W45","115.90141731574386"
"-9911","1992-11-12","1992W46","175.9306530369247"
"-9904","1992-11-19","1992W47","116.06012236417405"
"-9897","1992-11-26","1992W48","63.40137245605513"
"-9890","1992-12-03","1992W49","132.06293047773056"
"-9883","1992-12-10","1992W50","92.14873006544406"
"-9876","1992-12-17","1992W51","116.75660366020679"
"-9869","1992-12-24","1992W52","151.97686258089232"
"-9862","1992-12-31","1992W53","166.89098544528258"
"-9855","1993-01-07","1993W01","115.57043398681697"
"-9848","1993-01-14","1993W02","117.07561347734759"
"-9841","1993-01-21","1993W03","152.4549928787028"
"-9834","1993-01-28","1993W04","124.74439753829301"
"-9827","1993-02-04","1993W05","108.9664847498301"
"-9820","1993-02-11","1993W06","58.130409855447624"
"-9813","1993-02-18","1993W07","217.23168780837784"
"-9806","1993-02-25","1993W08","212.25225228577256"
"-9799","1993-03-04","1993W09","147.1607115801795"
"-9792","1993-03-11","1993W10","254.91279764706871"
"-9785","1993-03-18","1993W11","336.45200188595265"
"-9778","1993-03-25","1993W12","292.71038852460356"
"-9771","1993-04-01","1993W13","205.6095738989835"
"-9764","1993-04-08","1993W14","187.06185751309363"
"-9757","1993-04-15","1993W15","182.97148855800185"
"-9750","1993-04-22","1993W16","151.2360495999044"
"-9743","1993-04-29","1993W17","185.74793744171734"
"-9736","1993-05-06","1993W18","140.39591974638836"
"-9729","1993-05-13","1993W19","94.06674490331693"
"-9722","1993-05-20","1993W20","87.64678183831666"
"-9715","1993-05-27","1993W21","67.0236660236967"
"-9708","1993-06-03","1993W22","97.08792784510831"
"-9701","1993-06-10","1993W23","131.73457972715244"
"-9694","1993-06-17","1993W24","125.86463900710567"
"-9687","1993-06-24","1993W25","181.38656446713605"
"-9680","1993-07-01","1993W26","160.21758567671702"
"-9673","1993-07-08","1993W27","197.2849058409647"
"-9666","1993-07-15","1993W28","112.52676067487641"
"-9659","1993-07-22","1993W29","85.8933179017879"
"-9652","1993-07-29","1993W30","51.34740427666247"
"-9645","1993-08-05","1993W31","150.86504952794598"
"-9638","1993-08-12","1993W32","116.43583925951702"
"-9631","1993-08-19","1993W33","83.06307161850816"
"-9624","1993-08-26","1993W34","77.76371537544685"
"-9617","1993-09-02","1993W35","147.56816993915004"
"-9610","1993-09-09","1993W36","161.51983069845346"
"-9603","1993-09-16","1993W37","184.6744659045794"
"-9596","1993-09-23","1993W38","179.0994140408734"
"-9589","1993-09-30","1993W39","147.8726132310768"
"-9582","1993-10-07","1993W40","124.08147667557523"
"-9575","1993-10-14","1993W41","164.821630341625"
"-9568","1993-10-21","1993W42","104.19553113607685"
"-9561","1993-10-28","1993W43","129.3109855283377"
"-9554","1993-11-04","1993W44","107.27959004207867"
"-9547","1993-11-11","1993W45","144.21511617519286"
"-9540","1993-11-18","1993W46","159.23186312223083"
"-9533","1993-11-25","1993W47","104.4430021499636"
"-9526","1993-12-02","1993W48","251.95893660777574"
"-9519","1993-12-09","1993W49","333.88570133836583"
"-9512","1993-12-16","1993W50","394.3234246934892"
"-9505","1993-12-23","1993W51","456.36487546243643"
"-9498","1993-12-30","1993W52","394.0941158002455"
"-9491","1994-01-06","1994W01","299.58527971603064"
"-9484","1994-01-13","1994W02","223.90149487106953"
"-9477","1994-01-20","1994W03","122.09396336770715"
"-9470","1994-01-27","1994W04","48.20121491346697"
"-9463","1994-02-03","1994W05","154.24854325319984"
"-9456","1994-02-10","1994W06","67.24763411170682"
"-9449","1994-02-17","1994W07","89.19639011830179"
"-9442","1994-02-24","1994W08","53.07895533338785"
"-9435","1994-03-03","1994W09","49.865939106562905"
"-9428","1994-03-10","1994W10","36.51483610787852"
"-9421","1994-03-17","1994W11","23.970636530537035"
"-9414","1994-03-24","1994W12","68.16661770571"
"-9407","1994-03-31","1994W13","16.025305738261068"
"-9400","1994-04-07","1994W14","-3.5404066957689793"
"-9393","1994-04-14","1994W15","33.37399748265079"
"-9386","1994-04-21","1994W16","76.66603945874704"
"-9379","1994-04-28","1994W17","142.2277261622943"
"-9372","1994-05-05","1994W18","9.947112419647397"
"-9365","1994-05-12","1994W19","122.70992102252228"
"-9358","1994-05-19","1994W20","66.40119726789214"
"-9351","1994-05-26","1994W21","51.906974014106936"
"-9344","1994-06-02","1994W22","105.11592313578183"
"-9337","1994-06-09","1994W23","107.92096944688103"
"-9330","1994-06-16","1994W24","148.22084369494894"
"-9323","1994-06-23","1994W25","171.92155210228248"
"-9316","1994-06-30","1994W26","103.93774112926678"
"-9309","1994-07-07","1994W27","198.1939376440107"
"-9302","1994-07-14","1994W28","293.6256464790687"
"-9295","1994-07-21","1994W29","137.1802894144323"
"-9288","1994-07-28","1994W30","195.8179719165547"
"-9281","1994-08-04","1994W31","177.51206645269485"
"-9274","1994-08-11","1994W32","120.24960385247107"
"-9267","1994-08-18","1994W33","61.03146696574561"
"-9260","1994-08-25","1994W34","34.87238372772924"
"-9253","1994-09-01","1994W35","53.800719646984135"
"-9246","1994-09-08","1994W36","131.85807263782772"
"-9239","1994-09-15","1994W37","119.09867598333119"
"-9232","1994-09-22","1994W38","133.58861799722956"
"-9225","1994-09-29","1994W39","115.404889612175"
"-9218","1994-10-06","1994W40","141.63427361938284"
"-9211","1994-10-13","1994W41","181.37209158455073"
"-9204","1994-10-20","1994W42","23.720826533532886"
"-9197","1994-10-27","1994W43","73.7886413086917"
"-9190","1994-11-03","1994W44","9.687814016626021"
"-9183","1994-11-10","1994W45","35.53311319817237"
"-9176","1994-11-17","1994W46","103.44013623432147"
"-9169","1994-11-24","1994W47","44.5236350442824"
"-9162","1994-12-01","1994W48","41.89585332610602"
"-9155","1994-12-08","1994W49","69.6648994333109"
"-9148","1994-12-15","1994W50","57.933178474846045"
"-9141","1994-12-22","1994W51","86.79590637764318"
"-9134","1994-12-29","1994W52","134.33972747324276"
"-9127","1995-01-05","1995W01","54.641455679220485"
"-9120","1995-01-12","1995W02","117.7669575640939"
"-9113","1995-01-19","1995W03","110.77019353656044"
"-9106","1995-01-26","1995W04","112.69243111601133"
"-9099","1995-02-02","1995W05","73.56164175412812"
"-9092","1995-02-09","1995W06","114.39209002307689"
"-9085","1995-02-16","1995W07","74.18412120266623"
"-9078","1995-02-23","1995W08","69.9241504271223"
"-9071","1995-03-02","1995W09","180.58485363344244"
"-9064","1995-03-09","1995W10","111.12555762984528"
"-9057","1995-03-16","1995W11","96.49282371701668"
"-9050","1995-03-23","1995W12","128.62121648849939"
"-9043","1995-03-30","1995W13","62.4342467502928"
"-9036","1995-04-06","1995W14","40.8454749726327"
"-9029","1995-04-13","1995W15","103.75975935552708"
"-9022","1995-04-20","1995W16","122.07463048790203"
"-9015","1995-04-27","1995W17","129.6817727386939"
"-9008","1995-05-04","1995W18","167.4685909635897"
"-9001","1995-05-11","1995W19","113.31983986620753"
"-8994","1995-05-18","1995W20","132.11929243528618"
"-8987","1995-05-25","1995W21","117.7514233034675"
"-8980","1995-06-01","1995W22","209.10308264698722"
"-8973","1995-06-08","1995W23","121.06513637234946"
"-8966","1995-06-15","1995W24","106.53404881436404"
"-8959","1995-06-22","1995W25","151.41338499276492"
"-8952","1995-06-29","1995W26","101.61521063042653"
"-8945","1995-07-06","1995W27","113.06136960815684"
"-8938","1995-07-13","1995W28","152.68462029818568"
"-8931","1995-07-20","1995W29","128.42961425511487"
"-8924","1995-07-27","1995W30","124.2537030199835"
"-8917","1995-08-03","1995W31","152.1275612773037"
"-8910","1995-08-10","1995W32","62.03561726050907"
"-8903","1995-08-17","1995W33","109.97628408989112"
"-8896","1995-08-24","1995W34","96.96198860837512"
"-8889","1995-08-31","1995W35","102.01899721272639"
"-8882","1995-09-07","1995W36","104.18704111853856"
"-8875","1995-09-14","1995W37","142.51874640400126"
"-8868","1995-09-21","1995W38","203.0788770078807"
"-8861","1995-09-28","1995W39","143.94340157033344"
"-8854","1995-10-05","1995W40","62.19839756170859"
"-8847","1995-10-12","1995W41","91.93880850738913"
"-8840","1995-10-19","1995W42","90.26707225149494"
"-8833","1995-10-26","1995W43","113.29164007808163"
"-8826","1995-11-02","1995W44","88.12540809785207"
"-8819","1995-11-09","1995W45","122.8840835884215"
"-8812","1995-11-16","1995W46","43.684509927913155"
"-8805","1995-11-23","1995W47","66.64297437142045"
"-8798","1995-11-30","1995W48","41.8735231785422"
"-8791","1995-12-07","1995W49","73.48630850388054"
"-8784","1995-12-14","1995W50","88.58599101247637"
"-8777","1995-12-21","1995W51","223.27022138477685"
"-8770","1995-12-28","1995W52","321.6282227425421"
"-8763","1996-01-04","1996W01","414.7394945742079"
"-8756","1996-01-11","1996W02","333.672656986585"
"-8749","1996-01-18","1996W03","249.48445208473618"
"-8742","1996-01-25","1996W04","176.2189170124767"
"-8735","1996-02-01","1996W05","193.90674070515695"
"-8728","1996-02-08","1996W06","165.56481374990483"
"-8721","1996-02-15","1996W07","109.19597795487107"
"-8714","1996-02-22","1996W08","93.78897933852522"
"-8707","1996-02-29","1996W09","152.31862530463502"
"-8700","1996-03-07","1996W10","119.74614381080562"
"-8693","1996-03-14","1996W11","33.01973941124902"
"-8686","1996-03-21","1996W12","68.07533820016045"
"-8679","1996-03-28","1996W13","76.83751094215984"
"-8672","1996-04-04","1996W14","34.220561090363844"
"-8665","1996-04-11","1996W15","26.12976199841694"
"-8658","1996-04-18","1996W16","87.46272546484613"
"-8651","1996-04-25","1996W17","67.11088183811592"
"-8644","1996-05-02","1996W18","80.9610502863261"
"-8637","1996-05-09","1996W19","78.8970765203901"
"-8630","1996-05-16","1996W20","95.80151427293708"
"-8623","1996-05-23","1996W21","65.55732619139337"
"-8616","1996-05-30","1996W22","84.0495795124126"
"-8609","1996-06-06","1996W23","127.16711195017592"
"-8602","1996-06-13","1996W24","73.80414365241768"
"-8595","1996-06-20","1996W25","132.8618118493829"
"-8588","1996-06-27","1996W26","76.2496059311286"
"-8581","1996-07-04","1996W27","56.886682121935905"
"-8574","1996-07-11","1996W28","88.70303865620838"
"-8567","1996-07-18","1996W29","57.640534373297896"
"-8560","1996-07-25","1996W30","156.65373590999548"
"-8553","1996-08-01","1996W31","71.71058114644995"
"-8546","1996-08-08","1996W32","90.79284921810938"
"-8539","1996-08-15","1996W33","112.89643020457618"
"-8532","1996-08-22","1996W34","117.03139050552272"
"-8525","1996-08-29","1996W35","68.22183287206701"
"-8518","1996-09-05","1996W36","54.50555303643284"
"-8511","1996-09-12","1996W37","92.93349783023177"
"-8504","1996-09-19","1996W38","61.56903255956149"
"-8497","1996-09-26","1996W39","156.48702817167862"
"-8490","1996-10-03","1996W40","79.77278136302073"
"-8483","1996-10-10","1996W41","61.52078320400278"
"-8476","1996-10-17","1996W42","75.83335405700086"
"-8469","1996-10-24","1996W43","54.819164508272024"
"-8462","1996-10-31","1996W44","-8.408336305917373"
"-8455","1996-11-07","1996W45","46.267437751675175"
"-8448","1996-11-14","1996W46","57.964522147418165"
"-8441","1996-11-21","1996W47","36.80069231241953"
"-8434","1996-11-28","1996W48","33.89175734029152"
"-8427","1996-12-05","1996W49","34.34988146753233"
"-8420","1996-12-12","1996W50","81.28195766473527"
"-8413","1996-12-19","1996W51","151.7880569219251"
"-8406","1996-12-26","1996W52","149.95997572442207"
"-8399","1997-01-02","1997W01","203.8799028024622"
"-8392","1997-01-09","1997W02","136.6192245185049"
"-8385","1997-01-16","1997W03","118.23748625570363"
"-8378","1997-01-23","1997W04","63.78152491816331"
"-8371","1997-01-30","1997W05","102.28478518089355"
"-8364","1997-02-06","1997W06","63.76682947060476"
"-8357","1997-02-13","1997W07","114.23304885596929"
"-8350","1997-02-20","1997W08","64.67457911835209"
"-8343","1997-02-27","1997W09","105.06842330329653"
"-8336","1997-03-06","1997W10","104.37777906227484"
"-8329","1997-03-13","1997W11","114.55256612671224"
"-8322","1997-03-20","1997W12","130.53014635503757"
"-8315","1997-03-27","1997W13","-5.763773999424188"
"-8308","1997-04-03","1997W14","118.58592720402498"
"-8301","1997-04-10","1997W15","93.48501325729649"
"-8294","1997-04-17","1997W16","76.83124995150536"
"-8287","1997-04-24","1997W17","62.51588334312328"
"-8280","1997-05-01","1997W18","83.42521257772239"
"-8273","1997-05-08","1997W19","91.44223502479747"
"-8266","1997-05-15","1997W20","66.44833992030112"
"-8259","1997-05-22","1997W21","57.32502600099019"
"-8252","1997-05-29","1997W22","73.95561825704942"
"-8245","1997-06-05","1997W23","143.2269589320673"
"-8238","1997-06-12","1997W24","199.03104826225422"
"-8231","1997-06-19","1997W25","92.26661116494165"
"-8224","1997-06-26","1997W26","100.84056714937958"
"-8217","1997-07-03","1997W27","135.66938211560273"
"-8210","1997-07-10","1997W28","16.680282409437382"
"-8203","1997-07-17","1997W29","13.812313489235862"
"-8196","1997-07-24","1997W30","136.01722780378986"
"-8189","1997-07-31","1997W31","49.26018894880235"
"-8182","1997-08-07","1997W32","139.5202818255999"
"-8175","1997-08-14","1997W33","56.790821332001656"
"-8168","1997-08-21","1997W34","57.07945503090161"
"-8161","1997-08-28","1997W35","107.40805822490336"
"-8154","1997-09-04","1997W36","85.81242287214536"
"-8147","1997-09-11","1997W37","145.34174476565659"
"-8140","1997-09-18","1997W38","63.057916322991105"
"-8133","1997-09-25","1997W39","84.03463515200428"
"-8126","1997-10-02","1997W40","107.35634123167335"
"-8119","1997-10-09","1997W41","106.11699803494867"
"-8112","1997-10-16","1997W42","150.4187351877523"
"-8105","1997-10-23","1997W43","138.37037227131464"
"-8098","1997-10-30","1997W44","112.08584510496235"
"-8091","1997-11-06","1997W45","88.68255726795644"
"-8084","1997-11-13","1997W46","90.27968071129919"
"-8077","1997-11-20","1997W47","25.99643005777125"
"-8070","1997-11-27","1997W48","15.950335579605394"
"-8063","1997-12-04","1997W49","71.25553987261446"
"-8056","1997-12-11","1997W50","64.02114291244914"
"-8049","1997-12-18","1997W51","149.34961948788543"
"-8042","1997-12-25","1997W52","131.33533196722658"
"-8035","1998-01-01","1998W01","73.06315998221089"
"-8028","1998-01-08","1998W02","41.60726692880951"
"-8021","1998-01-15","1998W03","42.03002121032398"
"-8014","1998-01-22","1998W04","-17.618912086231035"
"-8007","1998-01-29","1998W05","34.69670414779978"
"-8000","1998-02-05","1998W06","113.99914861514992"
"-7993","1998-02-12","1998W07","163.29641318294637"
"-7986","1998-02-19","1998W08","174.58208129108482"
"-7979","1998-02-26","1998W09","281.8354150443405"
"-7972","1998-03-05","1998W10","235.021649811433"
"-7965","1998-03-12","1998W11","240.09249214761303"
"-7958","1998-03-19","1998W12","203.9868139100986"
"-7951","1998-03-26","1998W13","139.63153259050523"
"-7944","1998-04-02","1998W14","124.94266518665165"
"-7937","1998-04-09","1998W15","147.82654041687897"
"-7930","1998-04-16","1998W16","129.1811517799282"
"-7923","1998-04-23","1998W17","41.897631915904526"
"-7916","1998-04-30","1998W18","96.86182695856724"
"-7909","1998-05-07","1998W19","32.955948112005444"
"-7902","1998-05-14","1998W20","7.060276556720623"
"-7895","1998-05-21","1998W21","15.05489700789144"
"-7888","1998-05-28","1998W22","62.82143482343179"
"-7881","1998-06-04","1998W23","45.24477149790357"
"-7874","1998-06-11","1998W24","49.21471368121854"
"-7867","1998-06-18","1998W25","73.62759152427259"
"-7860","1998-06-25","1998W26","71.38776316771089"
"-7853","1998-07-02","1998W27","87.4090035402719"
"-7846","1998-07-09","1998W28","114.61575730038066"
"-7839","1998-07-16","1998W29","81.94423771459799"
"-7832","1998-07-23","1998W30","100.34335549110904"
"-7825","1998-07-30","1998W31","46.775464043369084"
"-7818","1998-08-06","1998W32","26.216910312957566"
"-7811","1998-08-13","1998W33","51.65838309314279"
"-7804","1998-08-20","1998W34","164.10505372501154"
"-7797","1998-08-27","1998W35","110.57650704384594"
"-7790","1998-09-03","1998W36","98.10646349122499"
"-7783","1998-09-10","1998W37","170.74229633408106"
"-7776","1998-09-17","1998W38","67.54435090182983"
"-7769","1998-09-24","1998W39","83.58507562366435"
"-7762","1998-10-01","1998W40","85.94797737849126"
"-7755","1998-10-08","1998W41","79.72641622027515"
"-7748","1998-10-15","1998W42","89.02225687457621"
"-7741","1998-10-22","1998W43","33.94439648409582"
"-7734","1998-10-29","1998W44","84.6071898816516"
"-7727","1998-11-05","1998W45","25.128795162188794"
"-7720","1998-11-12","1998W46","24.62946348920002"
"-7713","1998-11-19","1998W47","92.22979788850955"
"-7706","1998-11-26","1998W48","94.04900624164804"
"-7699","1998-12-03","1998W49","38.20317378522304"
"-7692","1998-12-10","1998W50","-9.196419849615268"
"-7685","1998-12-17","1998W51","46.95508534126827"
"-7678","1998-12-24","1998W52","77.75460806246974"
"-7671","1998-12-31","1998W53","61.28971847715343"
"-7664","1999-01-07","1999W01","82.6373658285844"
"-7657","1999-01-14","1999W02","111.86275941230508"
"-7650","1999-01-21","1999W03","62.01841917206434"
"-7643","1999-01-28","1999W04","75.14340974181869"
"-7636","1999-02-04","1999W05","198.26276910409945"
"-7629","1999-02-11","1999W06","217.38714022015756"
"-7622","1999-02-18","1999W07","355.51261105018284"
"-7615","1999-02-25","1999W08","217.62076536513803"
"-7608","1999-03-04","1999W09","219.6789436989884"
"-7601","1999-03-11","1999W10","185.64071074551623"
"-7594","1999-03-18","1999W11","100.4465225116785"
"-7587","1999-03-25","1999W12","67.02458364289339"
"-7580","1999-04-01","1999W13","53.291882576752755"
"-7573","1999-04-08","1999W14","17.155389600524927"
"-7566","1999-04-15","1999W15","44.51340052177068"
"-7559","1999-04-22","1999W16","15.257006544993942"
"-7552","1999-04-29","1999W17","-8.72833088892753"
"-7545","1999-05-06","1999W18","60.43887692707733"
"-7538","1999-05-13","1999W19","50.6378612142812"
"-7531","1999-05-20","1999W20","74.7473443490552"
"-7524","1999-05-27","1999W21","20.64729657768214"
"-7517","1999-06-03","1999W22","9.220675358929043"
"-7510","1999-06-10","1999W23","66.35512212972571"
"-7503","1999-06-17","1999W24","65.94459189592283"
"-7496","1999-06-24","1999W25","136.89089201345655"
"-7489","1999-07-01","1999W26","127.10510783128052"
"-7482","1999-07-08","1999W27","53.50889449750878"
"-7475","1999-07-15","1999W28","116.03561616081947"
"-7468","1999-07-22","1999W29","56.631316002388985"
"-7461","1999-07-29","1999W30","55.255502977778974"
"-7454","1999-08-05","1999W31","136.8817437978321"
"-7447","1999-08-12","1999W32","124.49805149455165"
"-7440","1999-08-19","1999W33","56.10706486132426"
"-7433","1999-08-26","1999W34","59.72601608417824"
"-7426","1999-09-02","1999W35","91.38648694815038"
"-7419","1999-09-09","1999W36","73.1339570659137"
"-7412","1999-09-16","1999W37","30.027150590147016"
"-7405","1999-09-23","1999W38","84.13719079310363"
"-7398","1999-09-30","1999W39","65.54657468399785"
"-7391","1999-10-07","1999W40","-32.65201755319549"
"-7384","1999-10-14","1999W41","20.64293887995666"
"-7377","1999-10-21","1999W42","57.540346170324256"
"-7370","1999-10-28","1999W43","-1.8450907944359187"
"-7363","1999-11-04","1999W44","-19.394523805764038"
"-7356","1999-11-11","1999W45","37.01331859906554"
"-7349","1999-11-18","1999W46","-16.499624722442718"
"-7342","1999-11-25","1999W47","25.18748625257865"
"-7335","1999-12-02","1999W48","9.192641695974658"
"-7328","1999-12-09","1999W49","67.6292714980724"
"-7321","1999-12-16","1999W50","126.60460021809354"
"-7314","1999-12-23","1999W51","93.21809127326674"
"-7307","1999-12-30","1999W52","249.56000294109583"
"-7300","2000-01-06","2000W01","269.7100771384771"
"-7293","2000-01-13","2000W02","225.73638002614007"
"-7286","2000-01-20","2000W03","260.6943112950364"
"-7279","2000-01-27","2000W04","171.62579655430773"
"-7272","2000-02-03","2000W05","152.55867459364742"
"-7265","2000-02-10","2000W06","135.5062884744117"
"-7258","2000-02-17","2000W07","109.46728645455653"
"-7251","2000-02-24","2000W08","54.42563571500807"
"-7244","2000-03-02","2000W09","169.3508487734142"
"-7237","2000-03-09","2000W10","104.19841938997956"
"-7230","2000-03-16","2000W11","40.91046173391908"
"-7223","2000-03-23","2000W12","37.416543631943796"
"-7216","2000-03-30","2000W13","-22.3652980951191"
"-7209","2000-04-06","2000W14","26.472625155868286"
"-7202","2000-04-13","2000W15","60.82898694183632"
"-7195","2000-04-20","2000W16","27.594910074650784"
"-7188","2000-04-27","2000W17","30.655540890906877"
"-7181","2000-05-04","2000W18","14.891710727887812"
"-7174","2000-05-11","2000W19","91.18166057074461"
"-7167","2000-05-18","2000W20","40.40280391129011"
"-7160","2000-05-25","2000W21","18.43350229525845"
"-7153","2000-06-01","2000W22","12.154827840952066"
"-7146","2000-06-08","2000W23","75.45228719071883"
"-7139","2000-06-15","2000W24","28.217481905249997"
"-7132","2000-06-22","2000W25","162.34968122155783"
"-7125","2000-06-29","2000W26","133.7572843554567"
"-7118","2000-07-06","2000W27","101.35915112052999"
"-7111","2000-07-13","2000W28","106.0857815347789"
"-7104","2000-07-20","2000W29","53.880327266220206"
"-7097","2000-07-27","2000W30","23.699420198023176"
"-7090","2000-08-03","2000W31","51.51380603730604"
"-7083","2000-08-10","2000W32","102.30877371125985"
"-7076","2000-08-17","2000W33","45.0843742490041"
"-7069","2000-08-24","2000W34","93.85542589479087"
"-7062","2000-08-31","2000W35","100.65130529373914"
"-7055","2000-09-07","2000W36","48.51552769037096"
"-7048","2000-09-14","2000W37","70.50512213794946"
"-7041","2000-09-21","2000W38","65.68981068866026"
"-7034","2000-09-28","2000W39","70.15100337794127"
"-7027","2000-10-05","2000W40","13.980623489544769"
"-7020","2000-10-12","2000W41","22.279780052333194"
"-7013","2000-10-19","2000W42","-31.842693260295846"
"-7006","2000-10-26","2000W43","-2.2718117144969483"
"-6999","2000-11-02","2000W44","-21.888102831781566"
"-6992","2000-11-09","2000W45","35.43066462417278"
"-6985","2000-11-16","2000W46","4.807711011303468"
"-6978","2000-11-23","2000W47","-56.634538856051904"
"-6971","2000-11-30","2000W48","21.223770446848334"
"-6964","2000-12-07","2000W49","-19.501812369868162"
"-6957","2000-12-14","2000W50","37.298279068047464"
"-6950","2000-12-21","2000W51","21.726039180349062"
"-6943","2000-12-28","2000W52","101.8744098788502"
"-6936","2001-01-04","2001W01","43.825930570813625"
"-6929","2001-01-11","2001W02","-27.348461672073768"
"-6922","2001-01-18","2001W03","-13.590464338076004"
"-6915","2001-01-25","2001W04","-22.855259073269508"
"-6908","2001-02-01","2001W05","-27.11216627282886"
"-6901","2001-02-08","2001W06","-8.345095105801875"
"-6894","2001-02-15","2001W07","-9.55278237323023"
"-6887","2001-02-22","2001W08","43.25118334399133"
"-6880","2001-03-01","2001W09","35.038552682020395"
"-6873","2001-03-08","2001W10","47.76681895363504"
"-6866","2001-03-15","2001W11","2.379828309366758"
"-6859","2001-03-22","2001W12","9.80858784236841"
"-6852","2001-03-29","2001W13","-18.02773999187025"
"-6845","2001-04-05","2001W14","82.77932902645819"
"-6838","2001-04-12","2001W15","34.12892243598617"
"-6831","2001-04-19","2001W16","21.91226871716185"
"-6824","2001-04-26","2001W17","58.01426992096981"
"-6817","2001-05-03","2001W18","75.31516656621"
"-6810","2001-05-10","2001W19","71.69227072259196"
"-6803","2001-05-17","2001W20","102.021742199551"
"-6796","2001-05-24","2001W21","3.180382126419886"
"-6789","2001-05-31","2001W22","58.047417947467125"
"-6782","2001-06-07","2001W23","105.50625396952296"
"-6775","2001-06-14","2001W24","123.44616208873094"
"-6768","2001-06-21","2001W25","108.7638881796388"
"-6761","2001-06-28","2001W26","177.3651508419906"
"-6754","2001-07-05","2001W27","135.1660107508079"
"-6747","2001-07-12","2001W28","111.0940907213901"
"-6740","2001-07-19","2001W29","25.08962875569523"
"-6733","2001-07-26","2001W30","86.10634874921072"
"-6726","2001-08-02","2001W31","58.1121361729181"
"-6719","2001-08-09","2001W32","73.08950886529738"
"-6712","2001-08-16","2001W33","61.035876033660315"
"-6705","2001-08-23","2001W34","70.96358162958268"
"-6698","2001-08-30","2001W35","63.89973138545463"
"-6691","2001-09-06","2001W36","62.88580593297206"
"-6684","2001-09-13","2001W37","80.97706552433999"
"-6677","2001-09-20","2001W38","94.24175489817515"
"-6670","2001-09-27","2001W39","66.76011973069978"
"-6663","2001-10-04","2001W40","92.62324884688053"
"-6656","2001-10-11","2001W41","28.931758895898156"
"-6649","2001-10-18","2001W42","-17.205659515920047"
"-6642","2001-10-25","2001W43","6.326186772951814"
"-6635","2001-11-01","2001W44","6.647327260959742"
"-6628","2001-11-08","2001W45","37.880890849963635"
"-6621","2001-11-15","2001W46","29.15132333142367"
"-6614","2001-11-22","2001W47","31.58258509741495"
"-6607","2001-11-29","2001W48","-7.703644821849707"
"-6600","2001-12-06","2001W49","14.410267626256427"
"-6593","2001-12-13","2001W50","30.036205809657872"
"-6586","2001-12-20","2001W51","68.27867934595383"
"-6579","2001-12-27","2001W52","58.23330722368644"
"-6572","2002-01-03","2002W01","160.98542912673383"
"-6565","2002-01-10","2002W02","72.60886512945092"
"-6558","2002-01-17","2002W03","5.164841788594686"
"-6551","2002-01-24","2002W04","57.70110025457359"
"-6544","2002-01-31","2002W05","31.251199393757588"
"-6537","2002-02-07","2002W06","68.83402409355085"
"-6530","2002-02-14","2002W07","20.45350595346406"
"-6523","2002-02-21","2002W08","93.09856049140183"
"-6516","2002-02-28","2002W09","13.743241859378031"
"-6509","2002-03-07","2002W10","105.34711291221947"
"-6502","2002-03-14","2002W11","49.85582535218339"
"-6495","2002-03-21","2002W12","134.20190162701078"
"-6488","2002-03-28","2002W13","44.30570733291927"
"-6481","2002-04-04","2002W14","151.07660010981374"
"-6474","2002-04-11","2002W15","70.41423845373129"
"-6467","2002-04-18","2002W16","140.21003154834239"
"-6460","2002-04-25","2002W17","76.34870916707314"
"-6453","2002-05-02","2002W18","56.70998894976094"
"-6446","2002-05-09","2002W19","27.170316938304722"
"-6439","2002-05-16","2002W20","6.6046561850344006"
"-6432","2002-05-23","2002W21","3.8882975413250733"
"-6425","2002-05-30","2002W22","49.89866640257219"
"-6418","2002-06-06","2002W23","77.51709923398153"
"-6411","2002-06-13","2002W24","25.630564129273353"
"-6404","2002-06-20","2002W25","13.133300455106792"
"-6397","2002-06-27","2002W26","64.92835379657436"
"-6390","2002-07-04","2002W27","96.9289839265756"
"-6383","2002-07-11","2002W28","64.05992535272867"
"-6376","2002-07-18","2002W29","147.2584821232141"
"-6369","2002-07-25","2002W30","40.475440966870224"
"-6362","2002-08-01","2002W31","45.67578946846879"
"-6355","2002-08-08","2002W32","27.83922879932834"
"-6348","2002-08-15","2002W33","62.96047349562366"
"-6341","2002-08-22","2002W34","96.04933385882782"
"-6334","2002-08-29","2002W35","22.130579700137446"
"-6327","2002-09-05","2002W36","7.243587317869014"
"-6320","2002-09-12","2002W37","5.441774737830428"
"-6313","2002-09-19","2002W38","26.79183331601223"
"-6306","2002-09-26","2002W39","107.37276675618534"
"-6299","2002-10-03","2002W40","39.27475138919999"
"-6292","2002-10-10","2002W41","74.59783415554773"
"-6285","2002-10-17","2002W42","76.45048709025627"
"-6278","2002-10-24","2002W43","71.94803919534684"
"-6271","2002-10-31","2002W44","-16.78899163057349"
"-6264","2002-11-07","2002W45","4.363357520631212"
"-6257","2002-11-14","2002W46","51.53070009686871"
"-6250","2002-11-21","2002W47","-9.161518990186892"
"-6243","2002-11-28","2002W48","-26.589840704292214"
"-6236","2002-12-05","2002W49","-7.634581158996639"
"-6229","2002-12-12","2002W50","44.81843310454883"
"-6222","2002-12-19","2002W51","18.876208995815887"
"-6215","2002-12-26","2002W52","133.63703393165895"
"-6208","2003-01-02","2003W01","149.1890486087077"
"-6201","2003-01-09","2003W02","148.6089662159509"
"-6194","2003-01-16","2003W03","196.9609566986636"
"-6187","2003-01-23","2003W04","66.29571230093347"
"-6180","2003-01-30","2003W05","13.649707994181085"
"-6173","2003-02-06","2003W06","-4.955332418967259"
"-6166","2003-02-13","2003W07","-1.512756711498355"
"-6159","2003-02-20","2003W08","-17.03108642534346"
"-6152","2003-02-27","2003W09","-48.53389928643253"
"-6145","2003-03-06","2003W10","-41.059493459980786"
"-6138","2003-03-13","2003W11","-36.66033842557556"
"-6131","2003-03-20","2003W12","-6.40232034469966"
"-6124","2003-03-27","2003W13","-53.363792773504656"
"-6117","2003-04-03","2003W14","-13.634446397787201"
"-6110","2003-04-10","2003W15","12.685985905808934"
"-6103","2003-04-17","2003W16","27.48916998645825"
"-6096","2003-04-24","2003W17","15.65973649577586"
"-6089","2003-05-01","2003W18","32.076949485327646"
"-6082","2003-05-08","2003W19","19.616453391967866"
"-6075","2003-05-15","2003W20","-13.847926866895364"
"-6068","2003-05-22","2003W21","-25.442358745209503"
"-6061","2003-05-29","2003W22","-29.291174326361443"
"-6054","2003-06-05","2003W23","-26.51506846528912"
"-6047","2003-06-12","2003W24","4.77065107233409"
"-6040","2003-06-19","2003W25","23.457736104003857"
"-6033","2003-06-26","2003W26","55.44656889854241"
"-6026","2003-07-03","2003W27","-23.35239137739211"
"-6019","2003-07-10","2003W28","-8.01730763669616"
"-6012","2003-07-17","2003W29","87.38617182332644"
"-6005","2003-07-24","2003W30","152.80586915835954"
"-5998","2003-07-31","2003W31","98.20383804013989"
"-5991","2003-08-07","2003W32","57.55691884492148"
"-5984","2003-08-14","2003W33","35.85707984525493"
"-5977","2003-08-21","2003W34","36.11153938002167"
"-5970","2003-08-28","2003W35","57.34266714864839"
"-5963","2003-09-04","2003W36","97.5876659745104"
"-5956","2003-09-11","2003W37","109.898038563353"
"-5949","2003-09-18","2003W38","27.33884689903141"
"-5942","2003-09-25","2003W39","-8.012225074154117"
"-5935","2003-10-02","2003W40","-8.065991979416708"
"-5928","2003-10-09","2003W41","38.27694541669041"
"-5921","2003-10-16","2003W42","-2.875235830767565"
"-5914","2003-10-23","2003W43","8.592855407085153"
"-5907","2003-10-30","2003W44","59.80215547697833"
"-5900","2003-11-06","2003W45","53.87739611531151"
"-5893","2003-11-13","2003W46","-53.05470103399466"
"-5886","2003-11-20","2003W47","-57.86725942141402"
"-5879","2003-11-27","2003W48","-12.435085541636113"
"-5872","2003-12-04","2003W49","64.36351679351253"
"-5865","2003-12-11","2003W50","89.64498215099093"
"-5858","2003-12-18","2003W51","242.51879471951463"
"-5851","2003-12-25","2003W52","295.0858995930853"
"-5844","2004-01-01","2004W01","262.4372371487633"
"-5837","2004-01-08","2004W02","103.65242179790812"
"-5830","2004-01-15","2004W03","46.79858430679258"
"-5823","2004-01-22","2004W04","35.92939452022517"
"-5816","2004-01-29","2004W05","-36.91572128519374"
"-5809","2004-02-05","2004W06","-51.71215700566722"
"-5802","2004-02-12","2004W07","-85.45048884066932"
"-5795","2004-02-19","2004W08","-33.13661762111201"
"-5788","2004-02-26","2004W09","-2.791689189241083"
"-5781","2004-03-04","2004W10","-66.45179389878672"
"-5774","2004-03-11","2004W11","-80.1674495041525"
"-5767","2004-03-18","2004W12","-18.002874847041653"
"-5760","2004-03-25","2004W13","16.96493521754121"
"-5753","2004-04-01","2004W14","-56.3526796693842"
"-5746","2004-04-08","2004W15","6.945234557080994"
"-5739","2004-04-15","2004W16","-46.24932274510786"
"-5732","2004-04-22","2004W17","-36.05174578540948"
"-5725","2004-04-29","2004W18","-46.583153496830164"
"-5718","2004-05-06","2004W19","-3.968637122698965"
"-5711","2004-05-13","2004W20","27.664550411109076"
"-5704","2004-05-20","2004W21","-56.81116286933457"
"-5697","2004-05-27","2004W22","-26.521820026350042"
"-5690","2004-06-03","2004W23","86.40989130536684"
"-5683","2004-06-10","2004W24","34.866417522667575"
"-5676","2004-06-17","2004W25","41.7370439613951"
"-5669","2004-06-24","2004W26","65.9195013806983"
"-5662","2004-07-01","2004W27","-8.678549285992972"
"-5655","2004-07-08","2004W28","14.861824531093703"
"-5648","2004-07-15","2004W29","42.472005723199004"
"-5641","2004-07-22","2004W30","42.09682627393147"
"-5634","2004-07-29","2004W31","-3.30462842154418"
"-5627","2004-08-05","2004W32","56.24157858496437"
"-5620","2004-08-12","2004W33","58.72461901478573"
"-5613","2004-08-19","2004W34","-26.85093797230809"
"-5606","2004-08-26","2004W35","-0.4651861080576509"
"-5599","2004-09-02","2004W36","-25.08316455183615"
"-5592","2004-09-09","2004W37","26.344641375512197"
"-5585","2004-09-16","2004W38","77.8815884310826"
"-5578","2004-09-23","2004W39","8.603962893344487"
"-5571","2004-09-30","2004W40","41.59988035318224"
"-5564","2004-10-07","2004W41","0.9680137195679208"
"-5557","2004-10-14","2004W42","36.816167801580264"
"-5550","2004-10-21","2004W43","-3.7402789419471674"
"-5543","2004-10-28","2004W44","-13.580042961725894"
"-5536","2004-11-04","2004W45","-89.57769035622198"
"-5529","2004-11-11","2004W46","-69.60545240117187"
"-5522","2004-11-18","2004W47","-34.53507559241791"
"-5515","2004-11-25","2004W48","-6.239679414176635"
"-5508","2004-12-02","2004W49","-20.595594922708756"
"-5501","2004-12-09","2004W50","-53.484157503093115"
"-5494","2004-12-16","2004W51","-29.793427810587445"
"-5487","2004-12-23","2004W52","-34.41981593852711"
"-5480","2004-12-30","2004W53","-11.269585247233522"
"-5473","2005-01-06","2005W01","-3.2602140227322707"
"-5466","2005-01-13","2005W02","-58.32159518543904"
"-5459","2005-01-20","2005W03","-70.39705660755101"
"-5452","2005-01-27","2005W04","-37.44418719012265"
"-5445","2005-02-03","2005W05","-35.43545665904139"
"-5438","2005-02-10","2005W06","-38.35862002293868"
"-5431","2005-02-17","2005W07","-9.216900752171114"
"-5424","2005-02-24","2005W08","-7.02894994138353"
"-5417","2005-03-03","2005W09","4.171418037607054"
"-5410","2005-03-10","2005W10","44.33570964772798"
"-5403","2005-03-17","2005W11","100.40144913341123"
"-5396","2005-03-24","2005W12","142.293078286305"
"-5389","2005-03-31","2005W13","-8.076953927923455"
"-5382","2005-04-07","2005W14","31.1930724050751"
"-5375","2005-04-14","2005W15","4.995567828811545"
"-5368","2005-04-21","2005W16","-72.78481140521808"
"-5361","2005-04-28","2005W17","5.730504662871681"
"-5354","2005-05-05","2005W18","22.415756502262298"
"-5347","2005-05-12","2005W19","35.14267527615675"
"-5340","2005-05-19","2005W20","68.78234006585842"
"-5333","2005-05-26","2005W21","24.207045243153175"
"-5326","2005-06-02","2005W22","-33.70784905720234"
"-5319","2005-06-09","2005W23","20.917889821521953"
"-5312","2005-06-16","2005W24","65.97110391306057"
"-5305","2005-06-23","2005W25","10.346886391569342"
"-5298","2005-06-30","2005W26","8.950104423784751"
"-5291","2005-07-07","2005W27","89.69678100398403"
"-5284","2005-07-14","2005W28","51.51531570029658"
"-5277","2005-07-21","2005W29","7.347526567020395"
"-5270","2005-07-28","2005W30","-27.850501938375146"
"-5263","2005-08-04","2005W31","-49.10777739025639"
"-5256","2005-08-11","2005W32","14.562026446199297"
"-5249","2005-08-18","2005W33","-10.83922651831574"
"-5242","2005-08-25","2005W34","18.705844158063883"
"-5235","2005-09-01","2005W35","-31.7701104861942"
"-5228","2005-09-08","2005W36","9.780363937591915"
"-5221","2005-09-15","2005W37","40.41884329557672"
"-5214","2005-09-22","2005W38","35.22013822950794"
"-5207","2005-09-29","2005W39","19.27121539391601"
"-5200","2005-10-06","2005W40","-64.33005781224949"
"-5193","2005-10-13","2005W41","-53.476326901349694"
"-5186","2005-10-20","2005W42","-25.052301920580362"
"-5179","2005-10-27","2005W43","25.063575382622275"
"-5172","2005-11-03","2005W44","-38.00262703848216"
"-5165","2005-11-10","2005W45","-82.12215612081968"
"-5158","2005-11-17","2005W46","-39.16543786678574"
"-5151","2005-11-24","2005W47","-67.0039541130975"
"-5144","2005-12-01","2005W48","-89.51210470985268"
"-5137","2005-12-08","2005W49","-94.56902812750059"
"-5130","2005-12-15","2005W50","-18.060354101605753"
"-5123","2005-12-22","2005W51","-53.87986289984531"
"-5116","2005-12-29","2005W52","143.06897286106414"
"-5109","2006-01-05","2006W01","25.87158622843856"
"-5102","2006-01-12","2006W02","-63.39892588067073"
"-5095","2006-01-19","2006W03","-53.682866231538924"
"-5088","2006-01-26","2006W04","-43.93480710733775"
"-5081","2006-02-02","2006W05","-111.12425375449175"
"-5074","2006-02-09","2006W06","-2.2360917492459293"
"-5067","2006-02-16","2006W07","-50.27081172351734"
"-5060","2006-02-23","2006W08","-110.24450811097654"
"-5053","2006-03-02","2006W09","-62.18865184675951"
"-5046","2006-03-09","2006W10","-65.14964022885727"
"-5039","2006-03-16","2006W11","24.811869621358596"
"-5032","2006-03-23","2006W12","-14.378165875318246"
"-5025","2006-03-30","2006W13","44.19389086104479"
"-5018","2006-04-06","2006W14","20.430605044529216"
"-5011","2006-04-13","2006W15","30.224876866156706"
"-5004","2006-04-20","2006W16","-1.5385106229692838"
"-4997","2006-04-27","2006W17","24.01877454082876"
"-4990","2006-05-04","2006W18","15.770373364343413"
"-4983","2006-05-11","2006W19","42.58706464291629"
"-4976","2006-05-18","2006W20","-17.66136414598236"
"-4969","2006-05-25","2006W21","-35.104230888209486"
"-4962","2006-06-01","2006W22","-56.868085133008776"
"-4955","2006-06-08","2006W23","-15.074873795863823"
"-4948","2006-06-15","2006W24","52.159827148264185"
"-4941","2006-06-22","2006W25","80.72848933980731"
"-4934","2006-06-29","2006W26","-24.466807246088933"
"-4927","2006-07-06","2006W27","16.48704781124195"
"-4920","2006-07-13","2006W28","38.51545822688047"
"-4913","2006-07-20","2006W29","-19.442793756686342"
"-4906","2006-07-27","2006W30","-3.434655540204176"
"-4899","2006-08-03","2006W31","73.5078812662016"
"-4892","2006-08-10","2006W32","28.368249874652975"
"-4885","2006-08-17","2006W33","24.14555407341834"
"-4878","2006-08-24","2006W34","-46.14541294042726"
"-4871","2006-08-31","2006W35","-0.47437700710770514"
"-4864","2006-09-07","2006W36","-23.79601579414964"
"-4857","2006-09-14","2006W37","-5.050609744329336"
"-4850","2006-09-21","2006W38","-30.164901832887267"
"-4843","2006-09-28","2006W39","-32.05315375691612"
"-4836","2006-10-05","2006W40","83.38161667047257"
"-4829","2006-10-12","2006W41","-12.75376522067802"
"-4822","2006-10-19","2006W42","-8.344174813535801"
"-4815","2006-10-26","2006W43","54.732147135589116"
"-4808","2006-11-02","2006W44","50.60183310402613"
"-4801","2006-11-09","2006W45","42.3945561568969"
"-4794","2006-11-16","2006W46","1.2411525709379703"
"-4787","2006-11-23","2006W47","-64.72827309176989"
"-4780","2006-11-30","2006W48","-22.386233015609832"
"-4773","2006-12-07","2006W49","-67.60970395732784"
"-4766","2006-12-14","2006W50","-42.281911083370915"
"-4759","2006-12-21","2006W51","-64.29402195308569"
"-4752","2006-12-28","2006W52","11.453273925806911"
"-4745","2007-01-04","2007W01","-10.951677105565295"
"-4738","2007-01-11","2007W02","-3.4327767635228383"
"-4731","2007-01-18","2007W03","34.07271822666803"
"-4724","2007-01-25","2007W04","-72.38671776409251"
"-4717","2007-02-01","2007W05","-10.777586796000378"
"-4710","2007-02-08","2007W06","2.9181418064071067"
"-4703","2007-02-15","2007W07","60.70276450606764"
"-4696","2007-02-22","2007W08","60.562804440631"
"-4689","2007-03-01","2007W09","81.46920079636641"
"-4682","2007-03-08","2007W10","182.37772401021198"
"-4675","2007-03-15","2007W11","112.22961086894395"
"-4668","2007-03-22","2007W12","58.95241038666302"
"-4661","2007-03-29","2007W13","8.4610282849344"
"-4654","2007-04-05","2007W14","38.65895501828413"
"-4647","2007-04-12","2007W15","-6.560340376765907"
"-4640","2007-04-19","2007W16","26.68812926020405"
"-4633","2007-04-26","2007W17","-42.71746780040951"
"-4626","2007-05-03","2007W18","-12.904019793282146"
"-4619","2007-05-10","2007W19","-16.001635168451116"
"-4612","2007-05-17","2007W20","-23.14175897110772"
"-4605","2007-05-24","2007W21","-34.4552691606267"
"-4598","2007-05-31","2007W22","-69.0705804392885"
"-4591","2007-06-07","2007W23","52.88821693738464"
"-4584","2007-06-14","2007W24","21.303156393413133"
"-4577","2007-06-21","2007W25","18.064106220486906"
"-4570","2007-06-28","2007W26","-12.929632100462982"
"-4563","2007-07-05","2007W27","35.2321383596701"
"-4556","2007-07-12","2007W28","-25.52818505907055"
"-4549","2007-07-19","2007W29","-53.274875901820906"
"-4542","2007-07-26","2007W30","15.942057429779425"
"-4535","2007-08-02","2007W31","-5.9123986000982995"
"-4528","2007-08-09","2007W32","96.14225010695372"
"-4521","2007-08-16","2007W33","62.10229358961408"
"-4514","2007-08-23","2007W34","-5.020122589104744"
"-4507","2007-08-30","2007W35","20.80283257251199"
"-4500","2007-09-06","2007W36","-12.38572186137344"
"-4493","2007-09-13","2007W37","78.4720022416152"
"-4486","2007-09-20","2007W38","53.44763035508913"
"-4479","2007-09-27","2007W39","-45.37440719550057"
"-4472","2007-10-04","2007W40","-64.89809360157176"
"-4465","2007-10-11","2007W41","2.9827877619710534"
"-4458","2007-10-18","2007W42","-8.616881601854288"
"-4451","2007-10-25","2007W43","-22.575216341338432"
"-4444","2007-11-01","2007W44","-52.76509035981894"
"-4437","2007-11-08","2007W45","17.94402350978112"
"-4430","2007-11-15","2007W46","-8.31583611797555"
"-4423","2007-11-22","2007W47","-48.41303139659635"
"-4416","2007-11-29","2007W48","-74.2182323626364"
"-4409","2007-12-06","2007W49","-75.60629132063593"
"-4402","2007-12-13","2007W50","-68.45805733245572"
"-4395","2007-12-20","2007W51","-96.66210450316487"
"-4388","2007-12-27","2007W52","-5.116348994735631"
"-4381","2008-01-03","2008W01","-61.7295313014921"
"-4374","2008-01-10","2008W02","10.577457735421945"
"-4367","2008-01-17","2008W03","-85.12957355842059"
"-4360","2008-01-24","2008W04","-64.7990759179429"
"-4353","2008-01-31","2008W05","-30.394511154266183"
"-4346","2008-02-07","2008W06","-30.894886988857934"
"-4339","2008-02-14","2008W07","-63.295066878255966"
"-4332","2008-02-21","2008W08","-43.60585025826788"
"-4325","2008-02-28","2008W09","43.14617803928877"
"-4318","2008-03-06","2008W10","107.91902710077477"
"-4311","2008-03-13","2008W11","47.655902565004"
"-4304","2008-03-20","2008W12","-33.71397607040126"
"-4297","2008-03-27","2008W13","55.72564476837772"
"-4290","2008-04-03","2008W14","97.87926115487892"
"-4283","2008-04-10","2008W15","-11.359009144744277"
"-4276","2008-04-17","2008W16","60.896103373500296"
"-4269","2008-04-24","2008W17","-22.477321260739814"
"-4262","2008-05-01","2008W18","39.39337105538516"
"-4255","2008-05-08","2008W19","-23.622748704135688"
"-4248","2008-05-15","2008W20","-27.658297312570767"
"-4241","2008-05-22","2008W21","-19.84565876351371"
"-4234","2008-05-29","2008W22","-47.31506641123792"
"-4227","2008-06-05","2008W23","16.80728443742146"
"-4220","2008-06-12","2008W24","-2.5989338736021637"
"-4213","2008-06-19","2008W25","34.35356392303959"
"-4206","2008-06-26","2008W26","-78.43868835391845"
"-4199","2008-07-03","2008W27","26.931593914102336"
"-4192","2008-07-10","2008W28","-17.61620679690418"
"-4185","2008-07-17","2008W29","3.850562142030185"
"-4178","2008-07-24","2008W30","-5.721196000224381"
"-4171","2008-07-31","2008W31","29.630447089218023"
"-4164","2008-08-07","2008W32","-3.116998205406844"
"-4157","2008-08-14","2008W33","20.029892072988673"
"-4150","2008-08-21","2008W34","14.080556545102354"
"-4143","2008-08-28","2008W35","-19.93968237357558"
"-4136","2008-09-04","2008W36","23.010020509765354"
"-4129","2008-09-11","2008W37","35.985447144798286"
"-4122","2008-09-18","2008W38","-45.94348637830785"
"-4115","2008-09-25","2008W39","85.30626250675573"
"-4108","2008-10-02","2008W40","-27.17033534731911"
"-4101","2008-10-09","2008W41","-25.267752228649897"
"-4094","2008-10-16","2008W42","9.128571573158752"
"-4087","2008-10-23","2008W43","-60.85942849327421"
"-4080","2008-10-30","2008W44","-36.10420495547635"
"-4073","2008-11-06","2008W45","-75.47444397470383"
"-4066","2008-11-13","2008W46","-41.83696623941171"
"-4059","2008-11-20","2008W47","-38.05865557736888"
"-4052","2008-11-27","2008W48","14.991612642408086"
"-4045","2008-12-04","2008W49","-129.55892874606002"
"-4038","2008-12-11","2008W50","-65.58878327678485"
"-4031","2008-12-18","2008W51","-27.983952996371954"
"-4024","2008-12-25","2008W52","-47.63959262458775"
"-4017","2009-01-01","2009W01","150.53846827160862"
"-4010","2009-01-08","2009W02","70.63235718978478"
"-4003","2009-01-15","2009W03","41.7109645646301"
"-3996","2009-01-22","2009W04","36.82894096368614"
"-3989","2009-01-29","2009W05","-2.9740997968347074"
"-3982","2009-02-05","2009W06","58.32584000306929"
"-3975","2009-02-12","2009W07","129.7367886536165"
"-3968","2009-02-19","2009W08","-1.7493171060405075"
"-3961","2009-02-26","2009W09","-48.156521143434475"
"-3954","2009-03-05","2009W10","84.47549455497858"
"-3947","2009-03-12","2009W11","28.091979037847864"
"-3940","2009-03-19","2009W12","47.62390004669862"
"-3933","2009-03-26","2009W13","-25.011061153438277"
"-3926","2009-04-02","2009W14","-46.90732210676617"
"-3919","2009-04-09","2009W15","-44.17003579785887"
"-3912","2009-04-16","2009W16","-30.91357126774153"
"-3905","2009-04-23","2009W17","-17.25986016880904"
"-3898","2009-04-30","2009W18","61.663366837501144"
"-3891","2009-05-07","2009W19","21.724428331805598"
"-3884","2009-05-14","2009W20","-11.210401707349547"
"-3877","2009-05-21","2009W21","-78.27495743539691"
"-3870","2009-05-28","2009W22","-14.60124240319385"
"-3863","2009-06-04","2009W23","-9.3175166327826"
"-3856","2009-06-11","2009W24","14.45356277144117"
"-3849","2009-06-18","2009W25","36.596720520601366"
"-3842","2009-06-25","2009W26","63.00573574889256"
"-3835","2009-07-02","2009W27","21.584984061899377"
"-3828","2009-07-09","2009W28","-27.74917336068313"
"-3821","2009-07-16","2009W29","14.93282621321191"
"-3814","2009-07-23","2009W30","-4.425227756331424"
"-3807","2009-07-30","2009W31","-20.864499628712224"
"-3800","2009-08-06","2009W32","-19.410505799144403"
"-3793","2009-08-13","2009W33","29.92726061942699"
"-3786","2009-08-20","2009W34","-34.84452687039027"
"-3779","2009-08-27","2009W35","-26.703118962504504"
"-3772","2009-09-03","2009W36","-66.61001427411679"
"-3765","2009-09-10","2009W37","-33.511511381979744"
"-3758","2009-09-17","2009W38","-46.33948125379891"
"-3751","2009-09-24","2009W39","-27.012348964814237"
"-3744","2009-10-01","2009W40","7.5637294462952696"
"-3737","2009-10-08","2009W41","-69.50648803997149"
"-3730","2009-10-15","2009W42","39.89115696219551"
"-3723","2009-10-22","2009W43","-5.12142709685736"
"-3716","2009-10-29","2009W44","-6.416344911722263"
"-3709","2009-11-05","2009W45","-9.861564898147435"
"-3702","2009-11-12","2009W46","-6.32283035920932"
"-3695","2009-11-19","2009W47","-27.665603577156503"
"-3688","2009-11-26","2009W48","23.24298532028456"
"-3681","2009-12-03","2009W49","-93.46778705023416"
"-3674","2009-12-10","2009W50","-58.674111380670865"
"-3667","2009-12-17","2009W51","-80.25944120032591"
"-3660","2009-12-24","2009W52","71.88381615908372"
"-3653","2009-12-31","2009W53","26.85273769601713"
"-3646","2010-01-07","2010W01","-0.26752535791138143"
"-3639","2010-01-14","2010W02","-57.404985382307586"
"-3632","2010-01-21","2010W03","-34.5018659654088"
"-3625","2010-01-28","2010W04","27.48455599024919"
"-3618","2010-02-04","2010W05","-8.418674072671138"
"-3611","2010-02-11","2010W06","-35.20058581848343"
"-3604","2010-02-18","2010W07","-60.86644874268859"
"-3597","2010-02-25","2010W08","-27.43770169793015"
"-3590","2010-03-04","2010W09","-3.951648157716818"
"-3583","2010-03-11","2010W10","32.53907845205208"
"-3576","2010-03-18","2010W11","-20.03272830876324"
"-3569","2010-03-25","2010W12","-23.747879571937233"
"-3562","2010-04-01","2010W13","-30.699625405208508"
"-3555","2010-04-08","2010W14","-36.99230844008878"
"-3548","2010-04-15","2010W15","12.260143677711426"
"-3541","2010-04-22","2010W16","-21.06413476579985"
"-3534","2010-04-29","2010W17","41.906814981072216"
"-3527","2010-05-06","2010W18","3.0406287664080764"
"-3520","2010-05-13","2010W19","5.202535456381497"
"-3513","2010-05-20","2010W20","-5.7426915842645485"
"-3506","2010-05-27","2010W21","-43.928775710326704"
"-3499","2010-06-03","2010W22","-10.48599928614044"
"-3492","2010-06-10","2010W23","-21.53931512573081"
"-3485","2010-06-17","2010W24","-31.206534459461864"
"-3478","2010-06-24","2010W25","50.40338229521069"
"-3471","2010-07-01","2010W26","47.19190716111984"
"-3464","2010-07-08","2010W27","52.07237566871413"
"-3457","2010-07-15","2010W28","236.97124657799213"
"-3450","2010-07-22","2010W29","52.82917194444042"
"-3443","2010-07-29","2010W30","24.60186195925087"
"-3436","2010-08-05","2010W31","66.26073196151219"
"-3429","2010-08-12","2010W32","69.79332217112596"
"-3422","2010-08-19","2010W33","-48.79651601970056"
"-3415","2010-08-26","2010W34","-2.488669978982557"
"-3408","2010-09-02","2010W35","100.75294864697696"
"-3401","2010-09-09","2010W36","42.97988688152191"
"-3394","2010-09-16","2010W37","12.258409238708623"
"-3387","2010-09-23","2010W38","56.66854307412052"
"-3380","2010-09-30","2010W39","10.302924218330418"
"-3373","2010-10-07","2010W40","29.265459544063674"
"-3366","2010-10-14","2010W41","38.6698257761027"
"-3359","2010-10-21","2010W42","39.63782623216855"
"-3352","2010-10-28","2010W43","-41.70237075109469"
"-3345","2010-11-04","2010W44","-39.21808623042011"
"-3338","2010-11-11","2010W45","-19.774051075838543"
"-3331","2010-11-18","2010W46","-43.23436460171422"
"-3324","2010-11-25","2010W47","-10.46446304887445"
"-3317","2010-12-02","2010W48","45.66693059505815"
"-3310","2010-12-09","2010W49","29.285903689904444"
"-3303","2010-12-16","2010W50","-1.4884744650098582"
"-3296","2010-12-23","2010W51","30.45411997296037"
"-3289","2010-12-30","2010W52","85.21366406545167"
"-3282","2011-01-06","2011W01","-5.121663916644593"
"-3275","2011-01-13","2011W02","53.523233899675006"
"-3268","2011-01-20","2011W03","-18.790717588021835"
"-3261","2011-01-27","2011W04","-66.01765411027486"
"-3254","2011-02-03","2011W05","-43.12744182121901"
"-3247","2011-02-10","2011W06","-109.10611945594451"
"-3240","2011-02-17","2011W07","-42.956106362993296"
"-3233","2011-02-24","2011W08","-25.69617331459085"
"-3226","2011-03-03","2011W09","33.63882356735917"
"-3219","2011-03-10","2011W10","53.99844199972654"
"-3212","2011-03-17","2011W11","-10.68262130710309"
"-3205","2011-03-24","2011W12","15.516410047606996"
"-3198","2011-03-31","2011W13","21.503534843502848"
"-3191","2011-04-07","2011W14","-32.82469756196804"
"-3184","2011-04-14","2011W15","-2.581692699010091"
"-3177","2011-04-21","2011W16","10.110828293569853"
"-3170","2011-04-28","2011W17","0.12458899619161912"
"-3163","2011-05-05","2011W18","-9.67338637264379"
"-3156","2011-05-12","2011W19","23.581151701899557"
"-3149","2011-05-19","2011W20","9.751643571625777"
"-3142","2011-05-26","2011W21","-29.29730161086468"
"-3135","2011-06-02","2011W22","28.30205584552209"
"-3128","2011-06-09","2011W23","60.42250325746454"
"-3121","2011-06-16","2011W24","-14.056279784073467"
"-3114","2011-06-23","2011W25","48.75402404816123"
"-3107","2011-06-30","2011W26","33.75199077204229"
"-3100","2011-07-07","2011W27","50.847928016415835"
"-3093","2011-07-14","2011W28","-24.034821482732127"
"-3086","2011-07-21","2011W29","17.041235246274255"
"-3079","2011-07-28","2011W30","11.02865195032166"
"-3072","2011-08-04","2011W31","-5.104264161380229"
"-3065","2011-08-11","2011W32","-17.372987694782182"
"-3058","2011-08-18","2011W33","18.22345487356131"
"-3051","2011-08-25","2011W34","25.7024769484201"
"-3044","2011-09-01","2011W35","-15.902314590107267"
"-3037","2011-09-08","2011W36","-28.541600465712236"
"-3030","2011-09-15","2011W37","14.848942127524879"
"-3023","2011-09-22","2011W38","71.34771305900381"
"-3016","2011-09-29","2011W39","15.046058539776027"
"-3009","2011-10-06","2011W40","67.04695245255755"
"-3002","2011-10-13","2011W41","-1.5364912303593883"
"-2995","2011-10-20","2011W42","5.417346548480168"
"-2988","2011-10-27","2011W43","-53.96316886199236"
"-2981","2011-11-03","2011W44","-2.5447829695904147"
"-2974","2011-11-10","2011W45","-86.19128077305288"
"-2967","2011-11-17","2011W46","-18.76545896845937"
"-2960","2011-11-24","2011W47","-57.13111317304583"
"-2953","2011-12-01","2011W48","4.844988616115643"
"-2946","2011-12-08","2011W49","-90.70882507808574"
"-2939","2011-12-15","2011W50","-78.67098996465916"
"-2932","2011-12-22","2011W51","-56.928469407331704"
"-2925","2011-12-29","2011W52","12.621605061988248"
"-2918","2012-01-05","2012W01","19.070439947955947"
"-2911","2012-01-12","2012W02","-17.503745593385474"
"-2904","2012-01-19","2012W03","-24.036857469820916"
"-2897","2012-01-26","2012W04","-13.479860150192735"
"-2890","2012-02-02","2012W05","26.20050765183919"
"-2883","2012-02-09","2012W06","-4.97875444755141"
"-2876","2012-02-16","2012W07","130.98283947267532"
"-2869","2012-02-23","2012W08","101.06924874820902"
"-2862","2012-03-01","2012W09","116.24813264538147"
"-2855","2012-03-08","2012W10","91.47131308675694"
"-2848","2012-03-15","2012W11","97.67546696672503"
"-2841","2012-03-22","2012W12","44.783038109186236"
"-2834","2012-03-29","2012W13","-24.296644265944906"
"-2827","2012-04-05","2012W14","-63.66605669693979"
"-2820","2012-04-12","2012W15","16.561998851673707"
"-2813","2012-04-19","2012W16","-47.73397457692465"
"-2806","2012-04-26","2012W17","-44.6824119619514"
"-2799","2012-05-03","2012W18","-12.416828206713376"
"-2792","2012-05-10","2012W19","-45.07388579339022"
"-2785","2012-05-17","2012W20","-21.79141615749029"
"-2778","2012-05-24","2012W21","0.29357657110313085"
"-2771","2012-05-31","2012W22","-19.95309945199199"
"-2764","2012-06-07","2012W23","-35.66087884416959"
"-2757","2012-06-14","2012W24","37.04743771779749"
"-2750","2012-06-21","2012W25","50.05746477251034"
"-2743","2012-06-28","2012W26","-12.735107928261982"
"-2736","2012-07-05","2012W27","17.57699921094388"
"-2729","2012-07-12","2012W28","40.914002899582215"
"-2722","2012-07-19","2012W29","9.210217294913377"
"-2715","2012-07-26","2012W30","2.415010524228933"
"-2708","2012-08-02","2012W31","-29.50645653305878"
"-2701","2012-08-09","2012W32","3.427280017375665"
"-2694","2012-08-16","2012W33","35.21426135574791"
"-2687","2012-08-23","2012W34","-39.13085982913219"
"-2680","2012-08-30","2012W35","-65.57702574585335"
"-2673","2012-09-06","2012W36","11.922782370151253"
"-2666","2012-09-13","2012W37","29.430868753751042"
"-2659","2012-09-20","2012W38","39.0239259379407"
"-2652","2012-09-27","2012W39","-9.208071168942183"
"-2645","2012-10-04","2012W40","15.836835990726968"
"-2638","2012-10-11","2012W41","-8.728883159465909"
"-2631","2012-10-18","2012W42","7.2161261035192865"
"-2624","2012-10-25","2012W43","-65.19965105263907"
"-2617","2012-11-01","2012W44","1.1575422173355037"
"-2610","2012-11-08","2012W45","27.424798647397097"
"-2603","2012-11-15","2012W46","-41.259437935038704"
"-2596","2012-11-22","2012W47","-115.75737767522276"
"-2589","2012-11-29","2012W48","-26.93388098897799"
"-2582","2012-12-06","2012W49","-21.658417170037865"
"-2575","2012-12-13","2012W50","51.19304307969492"
"-2568","2012-12-20","2012W51","-23.26377136377573"
"-2561","2012-12-27","2012W52","47.07688855007564"
"-2554","2013-01-03","2013W01","70.30925662406707"
"-2547","2013-01-10","2013W02","45.514682265647934"
"-2540","2013-01-17","2013W03","22.760447506321498"
"-2533","2013-01-24","2013W04","-62.901212609273216"
"-2526","2013-01-31","2013W05","-5.433872002085536"
"-2519","2013-02-07","2013W06","-6.81744679039798"
"-2512","2013-02-14","2013W07","-17.048491969618908"
"-2505","2013-02-21","2013W08","-7.140257159238672"
"-2498","2013-02-28","2013W09","65.8774994752132"
"-2491","2013-03-07","2013W10","7.958936514480911"
"-2484","2013-03-14","2013W11","27.042787715147142"
"-2477","2013-03-21","2013W12","42.05324411995707"
"-2470","2013-03-28","2013W13","24.901047148740872"
"-2463","2013-04-04","2013W14","42.48477690894697"
"-2456","2013-04-11","2013W15","54.69231713122849"
"-2449","2013-04-18","2013W16","9.402475570325464"
"-2442","2013-04-25","2013W17","-43.5132635480885"
"-2435","2013-05-02","2013W18","38.81111962500336"
"-2428","2013-05-09","2013W19","38.23811952483061"
"-2421","2013-05-16","2013W20","5.62869588549529"
"-2414","2013-05-23","2013W21","-47.15571261777086"
"-2407","2013-05-30","2013W22","-14.251180959207886"
"-2400","2013-06-06","2013W23","-52.789325668352944"
"-2393","2013-06-13","2013W24","-14.895396632060852"
"-2386","2013-06-20","2013W25","-25.68646045805349"
"-2379","2013-06-27","2013W26","-0.2697017486150344"
"-2372","2013-07-04","2013W27","-53.740866934174846"
"-2365","2013-07-11","2013W28","-32.18287325993629"
"-2358","2013-07-18","2013W29","-18.66460313414757"
"-2351","2013-07-25","2013W30","-24.23990136842474"
"-2344","2013-08-01","2013W31","-1.9467899074844581"
"-2337","2013-08-08","2013W32","34.193088499911596"
"-2330","2013-08-15","2013W33","-25.825210450452687"
"-2323","2013-08-22","2013W34","-32.98985515775928"
"-2316","2013-08-29","2013W35","34.727596349609826"
"-2309","2013-09-05","2013W36","3.371790198206213"
"-2302","2013-09-12","2013W37","-31.99706442744855"
"-2295","2013-09-19","2013W38","-17.304062057766146"
"-2288","2013-09-26","2013W39","17.539319090686718"
"-2281","2013-10-03","2013W40","-10.366060483875344"
"-2274","2013-10-10","2013W41","-21.90845835652442"
"-2267","2013-10-17","2013W42","25.033134888401833"
"-2260","2013-10-24","2013W43","29.58724591286034"
"-2253","2013-10-31","2013W44","-6.111940627318859"
"-2246","2013-11-07","2013W45","-28.926523947131955"
"-2239","2013-11-14","2013W46","-123.71688350753675"
"-2232","2013-11-21","2013W47","-84.34370099971989"
"-2225","2013-11-28","2013W48","-51.66997865612393"
"-2218","2013-12-05","2013W49","-42.563024648866985"
"-2211","2013-12-12","2013W50","6.103623197212755"
"-2204","2013-12-19","2013W51","-15.551636733908026"
"-2197","2013-12-26","2013W52","5.579812187961352"
"-2190","2014-01-02","2014W01","0.5952279800790166"
"-2183","2014-01-09","2014W02","-64.42090281674791"
"-2176","2014-01-16","2014W03","-31.39809348162089"
"-2169","2014-01-23","2014W04","-76.28088307841494"
"-2162","2014-01-30","2014W05","2.970354890950148"
"-2155","2014-02-06","2014W06","31.378832934953607"
"-2148","2014-02-13","2014W07","-80.04899240201871"
"-2141","2014-02-20","2014W08","-128.32351990045754"
"-2134","2014-02-27","2014W09","-52.47185888901822"
"-2127","2014-03-06","2014W10","-74.53744234269266"
"-2120","2014-03-13","2014W11","-80.57940337647506"
"-2113","2014-03-20","2014W12","-84.67172408462102"
"-2106","2014-03-27","2014W13","-12.902168976610938"
"-2099","2014-04-03","2014W14","12.628981614376244"
"-2092","2014-04-10","2014W15","22.81037987163745"
"-2085","2014-04-17","2014W16","42.521219665682565"
"-2078","2014-04-24","2014W17","11.632983300315459"
"-2071","2014-05-01","2014W18","44.011300577781185"
"-2064","2014-05-08","2014W19","6.5178932908223715"
"-2057","2014-05-15","2014W20","11.012577002617832"
"-2050","2014-05-22","2014W21","53.355291135915195"
"-2043","2014-05-29","2014W22","-6.591872027509567"
"-2036","2014-06-05","2014W23","-36.962668830323196"
"-2029","2014-06-12","2014W24","-44.88476516792866"
"-2022","2014-06-19","2014W25","4.52211502763771"
"-2015","2014-06-26","2014W26","50.147926896039166"
"-2008","2014-07-03","2014W27","36.893902145084894"
"-2001","2014-07-10","2014W28","24.673983744916086"
"-1994","2014-07-17","2014W29","57.41607697994573"
"-1987","2014-07-24","2014W30","62.06309867166203"
"-1980","2014-07-31","2014W31","131.57380930290003"
"-1973","2014-08-07","2014W32","82.9234159138739"
"-1966","2014-08-14","2014W33","27.10393695676521"
"-1959","2014-08-21","2014W34","32.12432374099183"
"-1952","2014-08-28","2014W35","-48.989663374449606"
"-1945","2014-09-04","2014W36","38.804177667040335"
"-1938","2014-09-11","2014W37","48.563884960655514"
"-1931","2014-09-18","2014W38","68.36249736546813"
"-1924","2014-09-25","2014W39","45.28700163465385"
"-1917","2014-10-02","2014W40","21.437077127644216"
"-1910","2014-10-09","2014W41","8.923656218765814"
"-1903","2014-10-16","2014W42","12.867321193090675"
"-1896","2014-10-23","2014W43","-14.60343920386208"
"-1889","2014-10-30","2014W44","74.6459116451889"
"-1882","2014-11-06","2014W45","43.75401138664154"
"-1875","2014-11-13","2014W46","-84.13840822838358"
"-1868","2014-11-20","2014W47","-178.89055929787946"
"-1861","2014-11-27","2014W48","-143.363637240368"
"-1854","2014-12-04","2014W49","10.57716776014945"
"-1847","2014-12-11","2014W50","11.060716483943452"
"-1840","2014-12-18","2014W51","32.20805191006639"
"-1833","2014-12-25","2014W52","29.13064305679677"
"-1826","2015-01-01","2015W01","10.928766907285762"
"-1819","2015-01-08","2015W02","80.69005190812368"
"-1812","2015-01-15","2015W03","68.4882041960102"
"-1805","2015-01-22","2015W04","-45.618064932043126"
"-1798","2015-01-29","2015W05","-25.585894698481752"
"-1791","2015-02-05","2015W06","-26.38890120444148"
"-1784","2015-02-12","2015W07","4.982434684323152"
"-1777","2015-02-19","2015W08","-11.479376373896685"
"-1770","2015-02-26","2015W09","42.20127043253933"
"-1763","2015-03-05","2015W10","53.98342163675238"
"-1756","2015-03-12","2015W11","-28.18984695028098"
"-1749","2015-03-19","2015W12","-54.39061112397576"
"-1742","2015-03-26","2015W13","-50.70505939724171"
"-1735","2015-04-02","2015W14","14.767750687525677"
"-1728","2015-04-09","2015W15","27.917323099579335"
"-1721","2015-04-16","2015W16","1.6233200550634592"
"-1714","2015-04-23","2015W17","45.757301872692096"
"-1707","2015-04-30","2015W18","1.1845847949250583"
"-1700","2015-05-07","2015W19","-1.2338100978336115"
"-1693","2015-05-14","2015W20","-74.63914508137418"
"-1686","2015-05-21","2015W21","-52.172920212273084"
"-1679","2015-05-28","2015W22","-34.97482360428819"
"-1672","2015-06-04","2015W23","-66.18070724817983"
"-1665","2015-06-11","2015W24","-37.92061770676753"
"-1658","2015-06-18","2015W25","29.683089767841807"
"-1651","2015-06-25","2015W26","-26.48247365342172"
"-1644","2015-07-02","2015W27","71.48090821229255"
"-1637","2015-07-09","2015W28","-54.51596515892413"
"-1630","2015-07-16","2015W29","-33.54841449397952"
"-1623","2015-07-23","2015W30","-30.67678484065641"
"-1616","2015-07-30","2015W31","-47.945566251380455"
"-1609","2015-08-06","2015W32","-56.38274384534259"
"-1602","2015-08-13","2015W33","25.00061325702552"
"-1595","2015-08-20","2015W34","13.21051809038056"
"-1588","2015-08-27","2015W35","21.26998460053619"
"-1581","2015-09-03","2015W36","-22.781299907699918"
"-1574","2015-09-10","2015W37","21.11245602960696"
"-1567","2015-09-17","2015W38","26.022345350682144"
"-1560","2015-09-24","2015W39","-19.966262153866296"
"-1553","2015-10-01","2015W40","-8.754951633094151"
"-1546","2015-10-08","2015W41","7.766315635236538"
"-1539","2015-10-15","2015W42","41.71761218154995"
"-1532","2015-10-22","2015W43","52.22730838361838"
"-1525","2015-10-29","2015W44","-35.569784294250326"
"-1518","2015-11-05","2015W45","-45.534364005696375"
"-1511","2015-11-12","2015W46","-17.524654944044414"
"-1504","2015-11-19","2015W47","21.601539706802214"
"-1497","2015-11-26","2015W48","26.984778019574833"
"-1490","2015-12-03","2015W49","30.76194260494026"
"-1483","2015-12-10","2015W50","0.06425643940428927"
"-1476","2015-12-17","2015W51","-48.98461999877827"
"-1469","2015-12-24","2015W52","30.729617307707713"
"-1462","2015-12-31","2015W53","21.31025687917827"
"-1455","2016-01-07","2016W01","96.84807170907084"
"-1448","2016-01-14","2016W02","100.42000002459395"
"-1441","2016-01-21","2016W03","154.0880260106926"
"-1434","2016-01-28","2016W04","88.89827677994322"
"-1427","2016-02-04","2016W05","84.88034874390542"
"-1420","2016-02-11","2016W06","69.04687322277755"
"-1413","2016-02-18","2016W07","-49.606672332158496"
"-1406","2016-02-25","2016W08","-48.101904684673855"
"-1399","2016-03-03","2016W09","-15.477227507600446"
"-1392","2016-03-10","2016W10","-62.78728079185976"
"-1385","2016-03-17","2016W11","-39.10215486346874"
"-1378","2016-03-24","2016W12","21.493619685832073"
"-1371","2016-03-31","2016W13","30.90229159862224"
"-1364","2016-04-07","2016W14","-77.98569951350783"
"-1357","2016-04-14","2016W15","-39.29014008308377"
"-1350","2016-04-21","2016W16","19.860689177700124"
"-1343","2016-04-28","2016W17","-62.66813131719823"
"-1336","2016-05-05","2016W18","-45.01620781635029"
"-1329","2016-05-12","2016W19","-64.32581246141649"
"-1322","2016-05-19","2016W20","-38.73982320977109"
"-1315","2016-05-26","2016W21","30.60034572123493"
"-1308","2016-06-02","2016W22","-3.443207088695999"
"-1301","2016-06-09","2016W23","-62.0028713947986"
"-1294","2016-06-16","2016W24","-20.203605581648162"
"-1287","2016-06-23","2016W25","-21.16112395645041"
"-1280","2016-06-30","2016W26","41.019782662844364"
"-1273","2016-07-07","2016W27","-74.7532313093227"
"-1266","2016-07-14","2016W28","-4.558724249911506"
"-1259","2016-07-21","2016W29","7.5396753804661785"
"-1252","2016-07-28","2016W30","12.494195855354405"
"-1245","2016-08-04","2016W31","-36.72638038935952"
"-1238","2016-08-11","2016W32","-20.136258898119536"
"-1231","2016-08-18","2016W33","5.267578376572942"
"-1224","2016-08-25","2016W34","62.50533521268903"
"-1217","2016-09-01","2016W35","43.61411428708857"
"-1210","2016-09-08","2016W36","38.647385444294514"
"-1203","2016-09-15","2016W37","-36.32578331481659"
"-1196","2016-09-22","2016W38","46.7782789350847"
"-1189","2016-09-29","2016W39","10.056638931649331"
"-1182","2016-10-06","2016W40","4.6183576471083825"
"-1175","2016-10-13","2016W41","83.58291448256091"
"-1168","2016-10-20","2016W42","-5.9215199972555865"
"-1161","2016-10-27","2016W43","15.240062181570352"
"-1154","2016-11-03","2016W44","20.207552969565995"
"-1147","2016-11-10","2016W45","41.12370344743954"
"-1140","2016-11-17","2016W46","-33.867943125884494"
"-1133","2016-11-24","2016W47","49.37486955748932"
"-1126","2016-12-01","2016W48","-15.008950337288297"
"-1119","2016-12-08","2016W49","-33.88585617681133"
"-1112","2016-12-15","2016W50","-7.129599262873853"
"-1105","2016-12-22","2016W51","84.37693982709766"
"-1098","2016-12-29","2016W52","230.74005152766722"
"-1091","2017-01-05","2017W01","177.05365386828112"
"-1084","2017-01-12","2017W02","234.39792776286595"
"-1077","2017-01-19","2017W03","103.83815083634317"
"-1070","2017-01-26","2017W04","38.423746748915164"
"-1063","2017-02-02","2017W05","8.18756386294558"
"-1056","2017-02-09","2017W06","-1.854606220397045"
"-1049","2017-02-16","2017W07","15.295736801152543"
"-1042","2017-02-23","2017W08","19.61981780012502"
"-1035","2017-03-02","2017W09","-17.91814764973128"
"-1028","2017-03-09","2017W10","-48.3704406512345"
"-1021","2017-03-16","2017W11","-69.80508721285628"
"-1014","2017-03-23","2017W12","-19.30487813855825"
"-1007","2017-03-30","2017W13","-91.96617469929356"
"-1000","2017-04-06","2017W14","-9.89751731511592"
"-993","2017-04-13","2017W15","-62.21805733631936"
"-986","2017-04-20","2017W16","3.9441654185050083"
"-979","2017-04-27","2017W17","-35.54592553246789"
"-972","2017-05-04","2017W18","47.17151103179049"
"-965","2017-05-11","2017W19","26.953262685382924"
"-958","2017-05-18","2017W20","-13.344863072715043"
"-951","2017-05-25","2017W21","-7.865950348505862"
"-944","2017-06-01","2017W22","-13.749901733675415"
"-937","2017-06-08","2017W23","28.868589425815912"
"-930","2017-06-15","2017W24","43.861991983569055"
"-923","2017-06-22","2017W25","23.111786852659066"
"-916","2017-06-29","2017W26","29.510186939166147"
"-909","2017-07-06","2017W27","-29.03829781002878"
"-902","2017-07-13","2017W28","-32.61547296923584"
"-895","2017-07-20","2017W29","-25.288269964534038"
"-888","2017-07-27","2017W30","-4.10777147358931"
"-881","2017-08-03","2017W31","-24.10846608563213"
"-874","2017-08-10","2017W32","6.692256903842804"
"-867","2017-08-17","2017W33","-5.70563483589217"
"-860","2017-08-24","2017W34","-45.28481035021139"
"-853","2017-08-31","2017W35","-1.0108206053018876"
"-846","2017-09-07","2017W36","41.16740824626402"
"-839","2017-09-14","2017W37","74.31684060253235"
"-832","2017-09-21","2017W38","-32.480633292702464"
"-825","2017-09-28","2017W39","-6.1293785992804715"
"-818","2017-10-05","2017W40","41.478603364420906"
"-811","2017-10-12","2017W41","-33.53788520410296"
"-804","2017-10-19","2017W42","16.94904405511977"
"-797","2017-10-26","2017W43","7.074516108559578"
"-790","2017-11-02","2017W44","6.978937519348847"
"-783","2017-11-09","2017W45","-60.19403573105183"
"-776","2017-11-16","2017W46","-81.29957817690138"
"-769","2017-11-23","2017W47","-59.19379244346874"
"-762","2017-11-30","2017W48","-78.73579408338833"
"-755","2017-12-07","2017W49","-61.78975346824268"
"-748","2017-12-14","2017W50","-28.226865141468124"
"-741","2017-12-21","2017W51","20.07278392042872"
"-734","2017-12-28","2017W52","4.218474236530255"
"-727","2018-01-04","2018W01","-32.69273280969401"
"-720","2018-01-11","2018W02","-18.577405125451833"
"-713","2018-01-18","2018W03","-30.366953100352475"
"-706","2018-01-25","2018W04","14.991371806051575"
"-699","2018-02-01","2018W05","68.53370761881865"
"-692","2018-02-08","2018W06","-7.720947232355911"
"-685","2018-02-15","2018W07","26.22898511747394"
"-678","2018-02-22","2018W08","58.36763326322398"
"-671","2018-03-01","2018W09","135.6619005891048"
"-664","2018-03-08","2018W10","116.06193893161276"
"-657","2018-03-15","2018W11","149.50186506831642"
"-650","2018-03-22","2018W12","120.90070973465231"
"-643","2018-03-29","2018W13","66.16358549899746"
"-636","2018-04-05","2018W14","163.18305665125104"
"-629","2018-04-12","2018W15","24.840691328063713"
"-622","2018-04-19","2018W16","48.00877345128629"
"-615","2018-04-26","2018W17","-25.44785026642444"
"-608","2018-05-03","2018W18","-19.66981495982327"
"-601","2018-05-10","2018W19","-52.80120218273919"
"-594","2018-05-17","2018W20","-49.98745387215399"
"-587","2018-05-24","2018W21","-104.37326590665486"
"-580","2018-05-31","2018W22","-78.10049176694429"
"-573","2018-06-07","2018W23","-51.30608666995613"
"-566","2018-06-14","2018W24","-66.12012197199647"
"-559","2018-06-21","2018W25","-25.663898628348306"
"-552","2018-06-28","2018W26","-27.048187071461484"
"-545","2018-07-05","2018W27","-6.371619047656964"
"-538","2018-07-12","2018W28","23.280745240494753"
"-531","2018-07-19","2018W29","100.83865387069488"
"-524","2018-07-26","2018W30","90.24768583501373"
"-517","2018-08-02","2018W31","107.47004468579894"
"-510","2018-08-09","2018W32","-36.514888380161324"
"-503","2018-08-16","2018W33","27.28974990822246"
"-496","2018-08-23","2018W34","-16.10164382127971"
"-489","2018-08-30","2018W35","-15.65734227681969"
"-482","2018-09-06","2018W36","-26.328741318662424"
"-475","2018-09-13","2018W37","-66.05105840876706"
"-468","2018-09-20","2018W38","17.255734342458027"
"-461","2018-09-27","2018W39","24.685755970242553"
"-454","2018-10-04","2018W40","63.34585793667088"
"-447","2018-10-11","2018W41","-0.6459194864750089"
"-440","2018-10-18","2018W42","-32.16205343371723"
"-433","2018-10-25","2018W43","-25.067382598279664"
"-426","2018-11-01","2018W44","-13.221062652021374"
"-419","2018-11-08","2018W45","-13.47860464328096"
"-412","2018-11-15","2018W46","-71.69396687152539"
"-405","2018-11-22","2018W47","-69.72166995317866"
"-398","2018-11-29","2018W48","-36.41890444693695"
"-391","2018-12-06","2018W49","-20.647600504463526"
"-384","2018-12-13","2018W50","-27.276429552275204"
"-377","2018-12-20","2018W51","-63.182708985263616"
"-370","2018-12-27","2018W52","85.74581775238494"
"-363","2019-01-03","2019W01","99.60935152712204"
"-356","2019-01-10","2019W02","6.494581974352968"
"-349","2019-01-17","2019W03","48.47342719849621"
"-342","2019-01-24","2019W04","8.60198703686001"
"-335","2019-01-31","2019W05","13.919725121749025"
"-328","2019-02-07","2019W06","42.4488916658504"
"-321","2019-02-14","2019W07","-37.80580458728423"
"-314","2019-02-21","2019W08","-66.85727041251494"
"-307","2019-02-28","2019W09","-51.735846994923804"
"-300","2019-03-07","2019W10","-32.48887620284404"
"-293","2019-03-14","2019W11","41.8199795588489"
"-286","2019-03-21","2019W12","-58.88834585563836"
"-279","2019-03-28","2019W13","-26.707182090719925"
"-272","2019-04-04","2019W14","-57.74277504401721"
"-265","2019-04-11","2019W15","-24.11275206555274"
"-258","2019-04-18","2019W16","-48.944421772748"
"-251","2019-04-25","2019W17","-62.37293305557546"
"-244","2019-05-02","2019W18","36.460680105784604"
"-237","2019-05-09","2019W19","-71.58846027455775"
"-230","2019-05-16","2019W20","-40.666978740701325"
"-223","2019-05-23","2019W21","-96.92112294988851"
"-216","2019-05-30","2019W22","-95.4946449820352"
"-209","2019-06-06","2019W23","47.47328190268331"
"-202","2019-06-13","2019W24","-63.14991913197389"
"-195","2019-06-20","2019W25","-27.488305781654503"
"-188","2019-06-27","2019W26","-87.65561665674784"
"-181","2019-07-04","2019W27","-27.753620224904353"
"-174","2019-07-11","2019W28","11.129363392223354"
"-167","2019-07-18","2019W29","-6.080253702940013"
"-160","2019-07-25","2019W30","56.559743705976985"
"-153","2019-08-01","2019W31","-41.991783732851104"
"-146","2019-08-08","2019W32","-5.758728471407835"
"-139","2019-08-15","2019W33","-41.7473842364642"
"-132","2019-08-22","2019W34","25.05365097375909"
"-125","2019-08-29","2019W35","-4.326684418750801"
"-118","2019-09-05","2019W36","11.15767103104156"
"-111","2019-09-12","2019W37","9.569240209656982"
"-104","2019-09-19","2019W38","19.986107180777367"
"-97","2019-09-26","2019W39","52.50079120057592"
"-90","2019-10-03","2019W40","47.21891124927299"
"-83","2019-10-10","2019W41","78.25766035549907"
"-76","2019-10-17","2019W42","30.7441117518307"
"-69","2019-10-24","2019W43","49.81338134330554"
"-62","2019-10-31","2019W44","59.606673060308594"
"-55","2019-11-07","2019W45","-54.73076462740437"
"-48","2019-11-14","2019W46","-48.05174146249283"
"-41","2019-11-21","2019W47","-102.20925697624057"
"-34","2019-11-28","2019W48","-58.058630020180544"
"-27","2019-12-05","2019W49","5.540404596451026"
"-20","2019-12-12","2019W50","-47.27833725328037"
"-13","2019-12-19","2019W51","-3.389429619893235"
"-6","2019-12-26","2019W52","-26.677656186522427"
"1","2020-01-02","2020W01","-75.03968268041149"
"8","2020-01-09","2020W02","-58.38555771125334"
"15","2020-01-16","2020W03","-70.6400202382058"
"22","2020-01-23","2020W04","-94.74359466145006"
"29","2020-01-30","2020W05","-62.65345760441528"
"36","2020-02-06","2020W06","-22.34406375488902"
"43","2020-02-13","2020W07","-38.807521619412455"
"50","2020-02-20","2020W08","-44.05371366516556"
"57","2020-02-27","2020W09","-82.11015902460463"
"64","2020-03-05","2020W10","-22.02162066682513"
"71","2020-03-12","2020W11","-17.8494626419797"
"78","2020-03-19","2020W12","5.329233372558974"
"85","2020-03-26","2020W13","-1.5772204942777535"
"92","2020-04-02","2020W14","8.326205080629052"
"99","2020-04-09","2020W15","87.92277285577416"
"106","2020-04-16","2020W16","10.085666218451479"
"113","2020-04-23","2020W17","67.67982294565695"
"120","2020-04-30","2020W18","66.56388901646346"
"127","2020-05-07","2020W19","19.592264212029704"
"134","2020-05-14","2020W20","59.617209900429316"
"141","2020-05-21","2020W21","-77.5090115070866"
"148","2020-05-28","2020W22","-34.931996410628926"
"155","2020-06-04","2020W23","-31.793090189428654"
"162","2020-06-11","2020W24","-4.227338256310304"
"169","2020-06-18","2020W25","68.63847229958526"
"176","2020-06-25","2020W26","28.68765208280911"
"183","2020-07-02","2020W27","9.81530308966444"
"190","2020-07-09","2020W28","-37.07015784889279"
"197","2020-07-16","2020W29","43.95433199555964"
"204","2020-07-23","2020W30","-10.172399413700646"
"211","2020-07-30","2020W31","9.505132448848371"
"218","2020-08-06","2020W32","-18.040280998551566"
"225","2020-08-13","2020W33","4.181858388585624"
"232","2020-08-20","2020W34","41.1798989431835"
"239","2020-08-27","2020W35","10.979924115011727"
"246","2020-09-03","2020W36","-3.374619552650529"
"253","2020-09-10","2020W37","136.17645390672328"
"260","2020-09-17","2020W38","51.70920351772929"
"267","2020-09-24","2020W39","87.31446477360942"
"274","2020-10-01","2020W40","-32.90346136753783"
"281","2020-10-08","2020W41","-34.828314979795095"
"288","2020-10-15","2020W42","45.666442599592756"
"295","2020-10-22","2020W43","31.71579908849526"
"302","2020-10-29","2020W44","83.46123858357896"
"309","2020-11-05","2020W45","-15.95130586404025"
"316","2020-11-12","2020W46","-44.37356479280402"
"323","2020-11-19","2020W47","39.34292058704955"
"330","2020-11-26","2020W48","18.344647864796798"
"337","2020-12-03","2020W49","19.774030605995222"
"344","2020-12-10","2020W50","-2.232666004539169"
"351","2020-12-17","2020W51","31.45269887034624"
"358","2020-12-24","2020W52","4.9482827965603065"
"365","2020-12-31","2020W53","46.36054515563956"
"372","2021-01-07","2021W01","-32.217298868160015"
"379","2021-01-14","2021W02","-15.706632949373443"
"386","2021-01-21","2021W03","61.955416755135275"
"393","2021-01-28","2021W04","12.81506565645509"
"400","2021-02-04","2021W05","-43.09880419910496"
"407","2021-02-11","2021W06","-90.77506818967663"
"414","2021-02-18","2021W07","13.779473920673809"
"421","2021-02-25","2021W08","-9.4598093786351"
"428","2021-03-04","2021W09","-47.53503036145639"
"435","2021-03-11","2021W10","-84.50517773778142"
"442","2021-03-18","2021W11","-37.44526765429873"
"449","2021-03-25","2021W12","-99.44526224143533"
"456","2021-04-01","2021W13","-59.60877129707319"
"463","2021-04-08","2021W14","-48.05155584373597"
"470","2021-04-15","2021W15","-61.899855172307525"
"477","2021-04-22","2021W16","-31.288561549404903"
"484","2021-04-29","2021W17","-67.3592689802174"
"491","2021-05-06","2021W18","1.7417757482867273"
"498","2021-05-13","2021W19","60.865790094086606"
"505","2021-05-20","2021W20","-37.1363897887029"
"512","2021-05-27","2021W21","-40.41214837178791"
"519","2021-06-03","2021W22","-13.104955145795657"
"526","2021-06-10","2021W23","-36.35228502953805"
"533","2021-06-17","2021W24","-0.2836249390999228"
"540","2021-06-24","2021W25","77.98140457789896"
"547","2021-07-01","2021W26","13.334785394940695"
"554","2021-07-08","2021W27","101.68167035092824"
"561","2021-07-15","2021W28","161.94176150931196"
"568","2021-07-22","2021W29","32.050478104251624"
"575","2021-07-29","2021W30","44.95989718615749"
"582","2021-08-05","2021W31","81.63945326614942"
"589","2021-08-12","2021W32","119.0763867457199"
"596","2021-08-19","2021W33","95.27593455370936"
"603","2021-08-26","2021W34","80.26126014502199"
"610","2021-09-02","2021W35","89.07312379024427"
"617","2021-09-09","2021W36","152.7692978478491"
"624","2021-09-16","2021W37","62.42373540644337"
"631","2021-09-23","2021W38","111.12550425998484"
"638","2021-09-30","2021W39","115.97750158224017"
"645","2021-10-07","2021W40","112.09496784859903"
"652","2021-10-14","2021W41","148.6038214675484"
"659","2021-10-21","2021W42","151.63883818833824"
"666","2021-10-28","2021W43","71.341701607809"
"673","2021-11-04","2021W44","21.858952975200964"
"680","2021-11-11","2021W45","76.33986996173144"
"687","2021-11-18","2021W46","95.93430510040389"
"694","2021-11-25","2021W47","123.79051519571817"
"701","2021-12-02","2021W48","104.05301314394569"
"708","2021-12-09","2021W49","160.86047329019266"
"715","2021-12-16","2021W50","72.34372068304901"
"722","2021-12-23","2021W51","46.62383338212453"
"729","2021-12-30","2021W52","46.81038534552181"
"736","2022-01-06","2022W01","131.9998553967664"
"743","2022-01-13","2022W02","129.2742253731351"
"750","2022-01-20","2022W03","246.69978782426733"
"757","2022-01-27","2022W04","82.3261806010023"
"764","2022-02-03","2022W05","149.1856623931801"
"771","2022-02-10","2022W06","180.29263978929907"
"778","2022-02-17","2022W07","99.64345279072245"
"785","2022-02-24","2022W08","2.216421971349064"
"792","2022-03-03","2022W09","81.9721566844446"
"799","2022-03-10","2022W10","95.8541199365286"
"806","2022-03-17","2022W11","57.78944182867053"
"813","2022-03-24","2022W12","37.6899698621005"
